family,task,backbone,split,mode,condition,n,physical_task_seeds,success_percent,final_success_percent,support_successes,eligible_n,eligible_success_percent,metric,max,mean,median,min,q25,q75,actual_calls_mean,success_calls_mean,budget_penalized_commands_mean,failures
core,pusht,transformer,extrapolation,factorized,all,576,64,6.770833333333333,6.770833333333333,15,561,4.278074866310161,agent_position_error_px,1186.5609482648877,372.2841438330514,372.86204733233535,6.977395078460273,192.91343510786618,528.0200499004945,47.91840277777778,19.256410256410255,47.91840277777778,537
core,pusht,transformer,extrapolation,factorized,all,576,64,6.770833333333333,6.770833333333333,15,561,4.278074866310161,block_angle_error_rad,3.1203707703238104,0.9227169973493015,0.5408511813367731,0.0,0.14667553731396488,1.5536143198134114,47.91840277777778,19.256410256410255,47.91840277777778,537
core,pusht,transformer,extrapolation,factorized,all,576,64,6.770833333333333,6.770833333333333,15,561,4.278074866310161,block_translation_error_px,1242.9976847136618,129.1791578833548,76.2135417942285,0.0,32.47787701261552,189.15890612348056,47.91840277777778,19.256410256410255,47.91840277777778,537
core,pusht,transformer,extrapolation,factorized,all,576,64,6.770833333333333,6.770833333333333,15,561,4.278074866310161,position_error_px,1258.269163904284,416.93616368835814,431.95254314786166,8.134547952292845,253.25405351654354,565.2401037155935,47.91840277777778,19.256410256410255,47.91840277777778,537
core,pusht,transformer,extrapolation,factorized,"[0, 3]",192,64,9.375,9.375,3,189,7.936507936507937,agent_position_error_px,1186.5609482648877,214.04123701926596,166.90534753132175,7.27256982084342,76.45072253052041,286.4540628605985,47.822916666666664,26.77777777777778,47.822916666666664,174
core,pusht,transformer,extrapolation,factorized,"[0, 3]",192,64,9.375,9.375,3,189,7.936507936507937,block_angle_error_rad,3.1203707703238104,1.1774873821642406,0.7609449383297568,0.0,0.21901255285744758,2.132788622391471,47.822916666666664,26.77777777777778,47.822916666666664,174
core,pusht,transformer,extrapolation,factorized,"[0, 3]",192,64,9.375,9.375,3,189,7.936507936507937,block_translation_error_px,1242.9976847136618,166.37014970491342,97.11552170258256,0.0,42.503495921813155,271.955928926129,47.822916666666664,26.77777777777778,47.822916666666664,174
core,pusht,transformer,extrapolation,factorized,"[0, 3]",192,64,9.375,9.375,3,189,7.936507936507937,position_error_px,1258.269163904284,293.45029636775763,234.26501615055543,8.134547952292845,117.07780878890182,405.8531799197987,47.822916666666664,26.77777777777778,47.822916666666664,174
core,pusht,transformer,extrapolation,factorized,"[3, 0]",192,64,8.333333333333334,8.333333333333334,9,183,3.8251366120218577,agent_position_error_px,830.2912504986596,417.0305666862805,440.4461028751809,6.977395078460273,306.27972479750895,538.9136167923489,46.90625,12.875,46.90625,176
core,pusht,transformer,extrapolation,factorized,"[3, 0]",192,64,8.333333333333334,8.333333333333334,9,183,3.8251366120218577,block_angle_error_rad,1.9626832575279094,0.43235597216855054,0.2690998037990635,0.0,0.0497643385769877,0.7275374723155892,46.90625,12.875,46.90625,176
core,pusht,transformer,extrapolation,factorized,"[3, 0]",192,64,8.333333333333334,8.333333333333334,9,183,3.8251366120218577,block_translation_error_px,273.7569686005655,55.10960051747366,47.47132655352269,0.0,12.432478166109853,75.93177261407942,46.90625,12.875,46.90625,176
core,pusht,transformer,extrapolation,factorized,"[3, 0]",192,64,8.333333333333334,8.333333333333334,9,183,3.8251366120218577,position_error_px,835.8919200570763,424.014432773053,451.01476342822383,10.600441646400398,325.7956417274587,546.3722932342016,46.90625,12.875,46.90625,176
core,pusht,transformer,extrapolation,factorized,"[3, 3]",192,64,2.6041666666666665,2.6041666666666665,3,189,1.0582010582010581,agent_position_error_px,980.0639336664296,485.7806277936077,485.308140903299,15.368484203023847,351.3325216759631,606.3747366617229,49.026041666666664,12.6,49.026041666666664,187
core,pusht,transformer,extrapolation,factorized,"[3, 3]",192,64,2.6041666666666665,2.6041666666666665,3,189,1.0582010582010581,block_angle_error_rad,3.0886782633993826,1.1583076377151131,0.8552390406975576,0.0,0.29511711475447067,2.1558661753700035,49.026041666666664,12.6,49.026041666666664,187
core,pusht,transformer,extrapolation,factorized,"[3, 3]",192,64,2.6041666666666665,2.6041666666666665,3,189,1.0582010582010581,block_translation_error_px,970.8537260610016,166.05772342767725,146.53331188079108,0.0,50.65502699814664,249.35037369859492,49.026041666666664,12.6,49.026041666666664,187
core,pusht,transformer,extrapolation,factorized,"[3, 3]",192,64,2.6041666666666665,2.6041666666666665,3,189,1.0582010582010581,position_error_px,1067.073491586811,533.3437619242638,527.3960878598959,15.368484203023847,426.676456258575,661.7493454120586,49.026041666666664,12.6,49.026041666666664,187
core,pusht,transformer,extrapolation,factorized_unpaired,all,576,64,5.208333333333333,5.208333333333333,15,561,2.6737967914438503,agent_position_error_px,1036.6446274549626,361.9946695381267,365.67609791818387,1.3642282411899023,184.05851360998113,514.6240716653169,48.267361111111114,16.733333333333334,48.267361111111114,546
core,pusht,transformer,extrapolation,factorized_unpaired,all,576,64,5.208333333333333,5.208333333333333,15,561,2.6737967914438503,block_angle_error_rad,3.1226604458044322,0.9046507036686925,0.5408511813367731,0.0,0.15649559587271267,1.5296468442587665,48.267361111111114,16.733333333333334,48.267361111111114,546
core,pusht,transformer,extrapolation,factorized_unpaired,all,576,64,5.208333333333333,5.208333333333333,15,561,2.6737967914438503,block_translation_error_px,579.0444037733229,123.26580144029157,77.67393120538135,0.0,34.26460978761633,188.4916613811283,48.267361111111114,16.733333333333334,48.267361111111114,546
core,pusht,transformer,extrapolation,factorized_unpaired,all,576,64,5.208333333333333,5.208333333333333,15,561,2.6737967914438503,position_error_px,1131.2898412133823,403.20969652984627,416.59375733974514,1.3642282411899023,262.83965523526535,545.2344627203811,48.267361111111114,16.733333333333334,48.267361111111114,546
core,pusht,transformer,extrapolation,factorized_unpaired,"[0, 3]",192,64,5.208333333333333,5.208333333333333,3,189,3.7037037037037037,agent_position_error_px,1036.6446274549626,215.80846066673192,149.4652148564537,1.3642282411899023,87.30433249057798,270.5032463425555,48.630208333333336,23.7,48.630208333333336,182
core,pusht,transformer,extrapolation,factorized_unpaired,"[0, 3]",192,64,5.208333333333333,5.208333333333333,3,189,3.7037037037037037,block_angle_error_rad,3.0281918787153117,1.1417943552887964,1.0318329601320442,0.0,0.2808601733535592,1.9056979287175446,48.630208333333336,23.7,48.630208333333336,182
core,pusht,transformer,extrapolation,factorized_unpaired,"[0, 3]",192,64,5.208333333333333,5.208333333333333,3,189,3.7037037037037037,block_translation_error_px,579.0444037733229,160.89599458604178,117.65111457406154,0.0,46.901788773230294,262.5933419898306,48.630208333333336,23.7,48.630208333333336,182
core,pusht,transformer,extrapolation,factorized_unpaired,"[0, 3]",192,64,5.208333333333333,5.208333333333333,3,189,3.7037037037037037,position_error_px,1131.2898412133823,289.40493535902243,242.36872399058058,1.3642282411899023,121.44659455041125,379.1896777811032,48.630208333333336,23.7,48.630208333333336,182
core,pusht,transformer,extrapolation,factorized_unpaired,"[3, 0]",192,64,7.8125,7.8125,9,183,3.278688524590164,agent_position_error_px,758.0993824518442,404.339781927642,432.17590632712836,7.965536989768988,302.93379916312375,512.4542105214489,47.130208333333336,13.266666666666667,47.130208333333336,177
core,pusht,transformer,extrapolation,factorized_unpaired,"[3, 0]",192,64,7.8125,7.8125,9,183,3.278688524590164,block_angle_error_rad,2.2124041900879003,0.4499536487533999,0.283362330979664,0.0,0.07760891706903128,0.6320084939864541,47.130208333333336,13.266666666666667,47.130208333333336,177
core,pusht,transformer,extrapolation,factorized_unpaired,"[3, 0]",192,64,7.8125,7.8125,9,183,3.278688524590164,block_translation_error_px,225.1985187345096,57.266836293728744,51.46450802533065,0.0,18.02198764791375,87.32544902606587,47.130208333333336,13.266666666666667,47.130208333333336,177
core,pusht,transformer,extrapolation,factorized_unpaired,"[3, 0]",192,64,7.8125,7.8125,9,183,3.278688524590164,position_error_px,759.993917737507,411.5108437578283,434.6909257115103,10.182194253112879,314.0508592518745,516.0519807422031,47.130208333333336,13.266666666666667,47.130208333333336,177
core,pusht,transformer,extrapolation,factorized_unpaired,"[3, 3]",192,64,2.6041666666666665,2.6041666666666665,3,189,1.0582010582010581,agent_position_error_px,856.3906870761119,465.8357660200063,469.25674696848404,15.368484203023847,334.44466081597875,598.680890902159,49.041666666666664,13.2,49.041666666666664,187
core,pusht,transformer,extrapolation,factorized_unpaired,"[3, 3]",192,64,2.6041666666666665,2.6041666666666665,3,189,1.0582010582010581,block_angle_error_rad,3.1226604458044322,1.122204106963881,0.9502107758516551,0.0,0.2261501770484392,1.9677872071089215,49.041666666666664,13.2,49.041666666666664,187
core,pusht,transformer,extrapolation,factorized_unpaired,"[3, 3]",192,64,2.6041666666666665,2.6041666666666665,3,189,1.0582010582010581,block_translation_error_px,460.8365427075497,151.63457344110424,122.67324619141074,0.0,51.63690562984902,236.84364226200574,49.041666666666664,13.2,49.041666666666664,187
core,pusht,transformer,extrapolation,factorized_unpaired,"[3, 3]",192,64,2.6041666666666665,2.6041666666666665,3,189,1.0582010582010581,position_error_px,900.6788329785794,508.71331047268814,503.5319030731175,15.368484203023847,401.7589844853295,621.1546599039019,49.041666666666664,13.2,49.041666666666664,187
core,pusht,transformer,extrapolation,framewise,all,576,64,5.034722222222222,5.034722222222222,15,561,2.4955436720142603,agent_position_error_px,1108.3152482889843,358.3588331930184,328.099420639181,3.1383567442427713,155.78556364298117,522.4527151110874,48.369791666666664,17.620689655172413,48.369791666666664,547
core,pusht,transformer,extrapolation,framewise,all,576,64,5.034722222222222,5.034722222222222,15,561,2.4955436720142603,block_angle_error_rad,3.1306850981359675,0.9365634082248921,0.5406924707816096,0.0,0.16193943731536908,1.556698217481567,48.369791666666664,17.620689655172413,48.369791666666664,547
core,pusht,transformer,extrapolation,framewise,all,576,64,5.034722222222222,5.034722222222222,15,561,2.4955436720142603,block_translation_error_px,630.2561540802235,128.77877661417222,77.67393120538135,0.0,32.49901981938402,201.83175375232707,48.369791666666664,17.620689655172413,48.369791666666664,547
core,pusht,transformer,extrapolation,framewise,all,576,64,5.034722222222222,5.034722222222222,15,561,2.4955436720142603,position_error_px,1109.8325469650456,401.44791674042864,386.0645389070781,4.678632037293872,220.38937815537975,558.3877339269884,48.369791666666664,17.620689655172413,48.369791666666664,547
core,pusht,transformer,extrapolation,framewise,"[0, 3]",192,64,5.729166666666667,5.729166666666667,3,189,4.232804232804233,agent_position_error_px,1015.6142217613062,218.5222949190373,144.33983637667856,4.678632037293872,73.41590359850888,323.97297959590793,48.635416666666664,26.181818181818183,48.635416666666664,181
core,pusht,transformer,extrapolation,framewise,"[0, 3]",192,64,5.729166666666667,5.729166666666667,3,189,4.232804232804233,block_angle_error_rad,3.1306850981359675,1.2215042758308252,1.1080042852524499,0.0,0.21961271940878857,2.1538300977489007,48.635416666666664,26.181818181818183,48.635416666666664,181
core,pusht,transformer,extrapolation,framewise,"[0, 3]",192,64,5.729166666666667,5.729166666666667,3,189,4.232804232804233,block_translation_error_px,586.2441463526923,165.0990412711067,102.45673210503001,0.0,43.06829694928034,277.53694608547005,48.635416666666664,26.181818181818183,48.635416666666664,181
core,pusht,transformer,extrapolation,framewise,"[0, 3]",192,64,5.729166666666667,5.729166666666667,3,189,4.232804232804233,position_error_px,1085.491894424076,290.8940507979435,231.26012357215194,4.678632037293872,102.33808943071529,434.71448261638625,48.635416666666664,26.181818181818183,48.635416666666664,181
core,pusht,transformer,extrapolation,framewise,"[3, 0]",192,64,7.291666666666667,7.291666666666667,9,183,2.73224043715847,agent_position_error_px,1108.3152482889843,403.61958166979116,375.71770704565074,3.1383567442427713,257.52166179292414,543.2966356234967,47.270833333333336,12.571428571428571,47.270833333333336,178
core,pusht,transformer,extrapolation,framewise,"[3, 0]",192,64,7.291666666666667,7.291666666666667,9,183,2.73224043715847,block_angle_error_rad,2.3576985941667106,0.43631231750820004,0.3022017925035181,0.0,0.08383017894544376,0.5908242802076862,47.270833333333336,12.571428571428571,47.270833333333336,178
core,pusht,transformer,extrapolation,framewise,"[3, 0]",192,64,7.291666666666667,7.291666666666667,9,183,2.73224043715847,block_translation_error_px,187.38056576345903,55.76087408909882,47.69233986779628,0.0,18.821874146641793,82.03945055354285,47.270833333333336,12.571428571428571,47.270833333333336,178
core,pusht,transformer,extrapolation,framewise,"[3, 0]",192,64,7.291666666666667,7.291666666666667,9,183,2.73224043715847,position_error_px,1108.3326001295188,410.72555085301764,385.6336320843054,8.3959355976787,263.9677353653069,552.1887006765824,47.270833333333336,12.571428571428571,47.270833333333336,178
core,pusht,transformer,extrapolation,framewise,"[3, 3]",192,64,2.0833333333333335,2.0833333333333335,3,189,0.5291005291005291,agent_position_error_px,1050.8702553906837,452.93462299022684,435.401816160492,15.368484203023847,283.2318155243404,613.094705480374,49.203125,11.75,49.203125,188
core,pusht,transformer,extrapolation,framewise,"[3, 3]",192,64,2.0833333333333335,2.0833333333333335,3,189,0.5291005291005291,block_angle_error_rad,3.074513802384823,1.1518736313356503,0.9236490209501085,0.0,0.21901255285744758,2.0883765516295316,49.203125,11.75,49.203125,188
core,pusht,transformer,extrapolation,framewise,"[3, 3]",192,64,2.0833333333333335,2.0833333333333335,3,189,0.5291005291005291,block_translation_error_px,630.2561540802235,165.47641448231113,152.94058191312982,0.0,53.6414820341416,250.7280018588255,49.203125,11.75,49.203125,188
core,pusht,transformer,extrapolation,framewise,"[3, 3]",192,64,2.0833333333333335,2.0833333333333335,3,189,0.5291005291005291,position_error_px,1109.8325469650456,502.72414857032476,482.9859388234539,15.368484203023847,355.18371665813265,645.3523558825665,49.203125,11.75,49.203125,188
core,pusht,transformer,extrapolation,frozen,all,192,64,7.291666666666667,7.291666666666667,5,187,4.81283422459893,agent_position_error_px,593.9115385282793,212.16779267232104,199.87108217826488,6.8408127059317145,102.86401589323081,304.31490413219507,47.854166666666664,20.571428571428573,47.854166666666664,178
core,pusht,transformer,extrapolation,frozen,all,192,64,7.291666666666667,7.291666666666667,5,187,4.81283422459893,block_angle_error_rad,3.1159090744573152,0.9139256381774006,0.5396600088156964,0.0,0.15766748771399786,1.6086002048604708,47.854166666666664,20.571428571428573,47.854166666666664,178
core,pusht,transformer,extrapolation,frozen,all,192,64,7.291666666666667,7.291666666666667,5,187,4.81283422459893,block_translation_error_px,507.1909533810117,130.41236676677445,80.83461384965237,0.0,32.548165603592565,206.17707803893262,47.854166666666664,20.571428571428573,47.854166666666664,178
core,pusht,transformer,extrapolation,frozen,all,192,64,7.291666666666667,7.291666666666667,5,187,4.81283422459893,position_error_px,706.3127233422283,269.13240759570834,263.1816030823503,10.172993537148265,153.96316681946493,378.3437232455568,47.854166666666664,20.571428571428573,47.854166666666664,178
core,pusht,transformer,extrapolation,frozen,"[0, 3]",64,64,10.9375,10.9375,1,63,9.523809523809524,agent_position_error_px,519.3600260850757,183.91609741641872,154.50863521361399,10.145898162698632,85.9828197857717,260.0990364831128,47.328125,25.571428571428573,47.328125,57
core,pusht,transformer,extrapolation,frozen,"[0, 3]",64,64,10.9375,10.9375,1,63,9.523809523809524,block_angle_error_rad,3.1159090744573152,1.1846636560778117,0.9784760007963191,0.0,0.21525232849069342,1.9611722188585923,47.328125,25.571428571428573,47.328125,57
core,pusht,transformer,extrapolation,frozen,"[0, 3]",64,64,10.9375,10.9375,1,63,9.523809523809524,block_translation_error_px,507.1909533810117,182.09753829832903,161.46903130621092,0.0,40.64467481291006,295.2469420714549,47.328125,25.571428571428573,47.328125,57
core,pusht,transformer,extrapolation,frozen,"[0, 3]",64,64,10.9375,10.9375,1,63,9.523809523809524,position_error_px,660.374276624305,276.30549922941617,269.5768924989577,10.172993537148265,127.3442537593531,408.47729988712183,47.328125,25.571428571428573,47.328125,57
core,pusht,transformer,extrapolation,frozen,"[3, 0]",64,64,7.8125,7.8125,3,61,3.278688524590164,agent_position_error_px,425.50211383594194,193.56901818229204,197.0888712837555,6.8408127059317145,100.27202184076695,278.1323259340712,47.046875,12.2,47.046875,59
core,pusht,transformer,extrapolation,frozen,"[3, 0]",64,64,7.8125,7.8125,3,61,3.278688524590164,block_angle_error_rad,2.1215256610720394,0.42783511199537544,0.29304616775578296,0.0,0.08935186828313424,0.6359063857160815,47.046875,12.2,47.046875,59
core,pusht,transformer,extrapolation,frozen,"[3, 0]",64,64,7.8125,7.8125,3,61,3.278688524590164,block_translation_error_px,216.3609242343912,61.03014301091147,52.741413198573625,0.0,17.35859071923941,91.6836066683487,47.046875,12.2,47.046875,59
core,pusht,transformer,extrapolation,frozen,"[3, 0]",64,64,7.8125,7.8125,3,61,3.278688524590164,position_error_px,459.56184393671407,209.93285750517182,204.64513114804168,15.048465650554274,109.38861790558079,293.5156907743089,47.046875,12.2,47.046875,59
core,pusht,transformer,extrapolation,frozen,"[3, 3]",64,64,3.125,3.125,1,63,1.5873015873015872,agent_position_error_px,593.9115385282793,259.01826241825233,246.66683585057686,10.906884483973041,152.34471670711,363.3164017453029,49.1875,24.0,49.1875,62
core,pusht,transformer,extrapolation,frozen,"[3, 3]",64,64,3.125,3.125,1,63,1.5873015873015872,block_angle_error_rad,2.8659041561223892,1.1292781464590147,0.9682244660186798,0.0,0.3140783929671688,1.9873331532685439,49.1875,24.0,49.1875,62
core,pusht,transformer,extrapolation,frozen,"[3, 3]",64,64,3.125,3.125,1,63,1.5873015873015872,block_translation_error_px,457.77754932725605,148.10941899108286,110.66092588446162,0.0,46.52508152580192,232.57923716051636,49.1875,24.0,49.1875,62
core,pusht,transformer,extrapolation,frozen,"[3, 3]",64,64,3.125,3.125,1,63,1.5873015873015872,position_error_px,706.3127233422283,321.158866052537,331.7713544919918,15.368484203023847,211.85015439806568,426.220542589774,49.1875,24.0,49.1875,62
core,pusht,transformer,extrapolation,plain,all,576,64,6.076388888888889,6.076388888888889,15,561,3.5650623885918002,agent_position_error_px,962.9497081352744,247.7733090890801,220.42816347962247,3.9454977018551483,112.92280910189028,348.1300652856439,48.020833333333336,17.428571428571427,48.020833333333336,541
core,pusht,transformer,extrapolation,plain,all,576,64,6.076388888888889,6.076388888888889,15,561,3.5650623885918002,block_angle_error_rad,3.091374230500908,0.9260458039348985,0.5765644890972346,0.0,0.15246287168590666,1.5201003708923704,48.020833333333336,17.428571428571427,48.020833333333336,541
core,pusht,transformer,extrapolation,plain,all,576,64,6.076388888888889,6.076388888888889,15,561,3.5650623885918002,block_translation_error_px,601.882422901094,131.38374691972678,81.76169080629654,0.0,34.28167253202012,199.00559662612628,48.020833333333336,17.428571428571427,48.020833333333336,541
core,pusht,transformer,extrapolation,plain,all,576,64,6.076388888888889,6.076388888888889,15,561,3.5650623885918002,position_error_px,1051.8733438377967,301.4042302976673,281.6234773981767,5.697809729751067,163.93570845401604,413.4133529498996,48.020833333333336,17.428571428571427,48.020833333333336,541
core,pusht,transformer,extrapolation,plain,"[0, 3]",192,64,5.729166666666667,5.729166666666667,3,189,4.232804232804233,agent_position_error_px,962.9497081352744,234.45802112564238,151.3847498453632,6.678483668947152,78.87688586127643,326.5724196058867,48.416666666666664,22.363636363636363,48.416666666666664,181
core,pusht,transformer,extrapolation,plain,"[0, 3]",192,64,5.729166666666667,5.729166666666667,3,189,4.232804232804233,block_angle_error_rad,3.0898790529420452,1.198297179761215,1.0733587462901866,0.0,0.24861339343622024,2.087753935463812,48.416666666666664,22.363636363636363,48.416666666666664,181
core,pusht,transformer,extrapolation,plain,"[0, 3]",192,64,5.729166666666667,5.729166666666667,3,189,4.232804232804233,block_translation_error_px,545.2374979650772,169.33217731197712,124.33147822767255,0.0,45.72907630638245,275.62088728689184,48.416666666666664,22.363636363636363,48.416666666666664,181
core,pusht,transformer,extrapolation,plain,"[0, 3]",192,64,5.729166666666667,5.729166666666667,3,189,4.232804232804233,position_error_px,1051.8733438377967,310.04683391678276,239.9402742045919,6.678483668947152,116.80290821888305,446.18623252861016,48.416666666666664,22.363636363636363,48.416666666666664,181
core,pusht,transformer,extrapolation,plain,"[3, 0]",192,64,10.416666666666666,10.416666666666666,9,183,6.0109289617486334,agent_position_error_px,704.2253017532589,234.89651474951802,229.76461714709575,3.9454977018551483,129.3867784716635,326.73781881827216,46.46875,16.1,46.46875,172
core,pusht,transformer,extrapolation,plain,"[3, 0]",192,64,10.416666666666666,10.416666666666666,9,183,6.0109289617486334,block_angle_error_rad,2.758291923043232,0.419850388652411,0.298971776238524,0.0,0.07753467417986548,0.698178999688394,46.46875,16.1,46.46875,172
core,pusht,transformer,extrapolation,plain,"[3, 0]",192,64,10.416666666666666,10.416666666666666,9,183,6.0109289617486334,block_translation_error_px,216.1726069850402,59.42001965583865,54.10420634071586,0.0,16.29624590134436,89.39929307464315,46.46875,16.1,46.46875,172
core,pusht,transformer,extrapolation,plain,"[3, 0]",192,64,10.416666666666666,10.416666666666666,9,183,6.0109289617486334,position_error_px,717.4609920973854,247.54562529381772,237.24940623104283,5.697809729751067,150.56858870281144,335.1477846836742,46.46875,16.1,46.46875,172
core,pusht,transformer,extrapolation,plain,"[3, 3]",192,64,2.0833333333333335,2.0833333333333335,3,189,0.5291005291005291,agent_position_error_px,731.6726697229336,273.9653913920799,263.2635334931066,6.1185797813418334,153.38464818338036,387.39710394762227,49.177083333333336,10.5,49.177083333333336,188
core,pusht,transformer,extrapolation,plain,"[3, 3]",192,64,2.0833333333333335,2.0833333333333335,3,189,0.5291005291005291,block_angle_error_rad,3.091374230500908,1.1599898433910696,0.9721058340664293,0.0,0.2694433102572463,2.0752997815733463,49.177083333333336,10.5,49.177083333333336,188
core,pusht,transformer,extrapolation,plain,"[3, 3]",192,64,2.0833333333333335,2.0833333333333335,3,189,0.5291005291005291,block_translation_error_px,601.882422901094,165.3990437913645,124.29694294879351,0.0,58.18665027307738,250.51290820851554,49.177083333333336,10.5,49.177083333333336,188
core,pusht,transformer,extrapolation,plain,"[3, 3]",192,64,2.0833333333333335,2.0833333333333335,3,189,0.5291005291005291,position_error_px,836.1095776868376,346.6202316824013,340.72165332683676,15.368484203023847,235.849518066143,444.276695057239,49.177083333333336,10.5,49.177083333333336,188
core,pusht,transformer,extrapolation,single,all,576,64,7.638888888888889,7.638888888888889,15,561,5.16934046345811,agent_position_error_px,1258.7338224890577,347.66375023467924,311.55216056194087,3.465246346808731,134.46407336444855,539.6688005026618,47.755208333333336,20.613636363636363,47.755208333333336,532
core,pusht,transformer,extrapolation,single,all,576,64,7.638888888888889,7.638888888888889,15,561,5.16934046345811,block_angle_error_rad,3.1369091281578774,0.95582492470189,0.5909574575782681,0.0,0.15314810770960396,1.6907740780834097,47.755208333333336,20.613636363636363,47.755208333333336,532
core,pusht,transformer,extrapolation,single,all,576,64,7.638888888888889,7.638888888888889,15,561,5.16934046345811,block_translation_error_px,566.5157332147346,133.17657652588977,87.70181136842999,0.0,35.55062017893735,208.13002295794877,47.755208333333336,20.613636363636363,47.755208333333336,532
core,pusht,transformer,extrapolation,single,all,576,64,7.638888888888889,7.638888888888889,15,561,5.16934046345811,position_error_px,1283.9011827025843,395.6573085917581,385.1349538200269,6.590157576090127,199.79632663290684,572.7896102145709,47.755208333333336,20.613636363636363,47.755208333333336,532
core,pusht,transformer,extrapolation,single,"[0, 3]",192,64,6.25,6.25,3,189,4.761904761904762,agent_position_error_px,1258.7338224890577,235.22606591033778,151.94751312594246,9.320336486739045,87.25552722791184,308.1737380267001,48.786458333333336,30.583333333333332,48.786458333333336,180
core,pusht,transformer,extrapolation,single,"[0, 3]",192,64,6.25,6.25,3,189,4.761904761904762,block_angle_error_rad,3.1369091281578774,1.1738748912013166,1.0803093764896015,0.0,0.2524452468833297,2.110692076953596,48.786458333333336,30.583333333333332,48.786458333333336,180
core,pusht,transformer,extrapolation,single,"[0, 3]",192,64,6.25,6.25,3,189,4.761904761904762,block_translation_error_px,566.5157332147346,178.24161512624855,137.55047244110955,0.0,45.477838853655484,304.2802417183517,48.786458333333336,30.583333333333332,48.786458333333336,180
core,pusht,transformer,extrapolation,single,"[0, 3]",192,64,6.25,6.25,3,189,4.761904761904762,position_error_px,1283.9011827025843,317.3663350783238,253.9346494544913,12.472747483515981,127.99194846423345,448.10421116206135,48.786458333333336,30.583333333333332,48.786458333333336,180
core,pusht,transformer,extrapolation,single,"[3, 0]",192,64,12.5,12.5,9,183,8.19672131147541,agent_position_error_px,858.0310059984557,367.81583552200374,349.60700040409847,3.465246346808731,155.5837438114541,584.9987907749514,45.947916666666664,17.583333333333332,45.947916666666664,168
core,pusht,transformer,extrapolation,single,"[3, 0]",192,64,12.5,12.5,9,183,8.19672131147541,block_angle_error_rad,2.4519212684433676,0.45964478183517565,0.30474930033082437,0.0,0.080502873215202,0.6913196603498407,45.947916666666664,17.583333333333332,45.947916666666664,168
core,pusht,transformer,extrapolation,single,"[3, 0]",192,64,12.5,12.5,9,183,8.19672131147541,block_translation_error_px,242.8309884965966,60.37633043561647,52.06538500685343,0.0,19.232994801807223,93.09587267862872,45.947916666666664,17.583333333333332,45.947916666666664,168
core,pusht,transformer,extrapolation,single,"[3, 0]",192,64,12.5,12.5,9,183,8.19672131147541,position_error_px,865.366317562317,378.07509767177226,353.78147807388933,6.590157576090127,199.56750835204065,588.5756753665805,45.947916666666664,17.583333333333332,45.947916666666664,168
core,pusht,transformer,extrapolation,single,"[3, 3]",192,64,4.166666666666667,4.166666666666667,3,189,2.6455026455026456,agent_position_error_px,985.9671258190091,439.94934927169624,439.8019292041547,6.590157576090127,250.9545839625092,601.3327396331242,48.53125,14.75,48.53125,184
core,pusht,transformer,extrapolation,single,"[3, 3]",192,64,4.166666666666667,4.166666666666667,3,189,2.6455026455026456,block_angle_error_rad,3.121078288084418,1.2339551010691772,1.0034489831354945,0.0,0.29511711475447067,2.2925137552329238,48.53125,14.75,48.53125,184
core,pusht,transformer,extrapolation,single,"[3, 3]",192,64,4.166666666666667,4.166666666666667,3,189,2.6455026455026456,block_translation_error_px,492.7821348949345,160.91178401580422,138.8945134997998,0.0,58.760585872173614,238.21501753279014,48.53125,14.75,48.53125,184
core,pusht,transformer,extrapolation,single,"[3, 3]",192,64,4.166666666666667,4.166666666666667,3,189,2.6455026455026456,position_error_px,1085.0418399292992,491.53049302517826,503.7188652614866,6.590157576090127,364.97103532502626,621.2760621325376,48.53125,14.75,48.53125,184
core,pusht,transformer,test,factorized,all,1728,64,6.770833333333333,6.770833333333333,45,1683,4.278074866310161,agent_position_error_px,2108.8639598079985,268.2967935024715,198.92688517277418,0.9715149757579039,94.3119047797316,388.15500256679434,48.12210648148148,22.264957264957264,48.12210648148148,1611
core,pusht,transformer,test,factorized,all,1728,64,6.770833333333333,6.770833333333333,45,1683,4.278074866310161,block_angle_error_rad,3.131865213018793,0.8189785572293025,0.4563777636628852,0.0,0.11989865339664418,1.2955270085707646,48.12210648148148,22.264957264957264,48.12210648148148,1611
core,pusht,transformer,test,factorized,all,1728,64,6.770833333333333,6.770833333333333,45,1683,4.278074866310161,block_translation_error_px,3190.0367787878085,119.96943315222528,67.40330725633427,0.0,23.0501422337569,165.78871819257355,48.12210648148148,22.264957264957264,48.12210648148148,1611
core,pusht,transformer,test,factorized,all,1728,64,6.770833333333333,6.770833333333333,45,1683,4.278074866310161,position_error_px,3193.0098064298427,316.354055365478,260.0953057204108,4.4178301398998965,122.06903776278321,457.1628238678246,48.12210648148148,22.264957264957264,48.12210648148148,1611
core,pusht,transformer,test,factorized,"[0, 0]",192,64,16.666666666666668,16.666666666666668,9,183,12.568306010928962,agent_position_error_px,790.5537123744134,109.89995483558516,88.6896267761038,1.8921455250240342,46.83080687377431,134.88316843330387,45.984375,25.90625,45.984375,160
core,pusht,transformer,test,factorized,"[0, 0]",192,64,16.666666666666668,16.666666666666668,9,183,12.568306010928962,block_angle_error_rad,1.6327630380093288,0.22996689548702212,0.14584367698128253,0.0,0.04293162495701419,0.30444947742254613,45.984375,25.90625,45.984375,160
core,pusht,transformer,test,factorized,"[0, 0]",192,64,16.666666666666668,16.666666666666668,9,183,12.568306010928962,block_translation_error_px,139.39751264906678,28.325498216930242,23.435642838919357,0.0,7.109087858698435,39.29237910284484,45.984375,25.90625,45.984375,160
core,pusht,transformer,test,factorized,"[0, 0]",192,64,16.666666666666668,16.666666666666668,9,183,12.568306010928962,position_error_px,790.5654350944238,116.21077622584043,97.77962993707797,7.920890323836152,54.35379630419234,136.39402675730383,45.984375,25.90625,45.984375,160
core,pusht,transformer,test,factorized,"[0, 1]",192,64,8.333333333333334,8.333333333333334,3,189,6.878306878306878,agent_position_error_px,2108.8639598079985,211.50755317657922,136.18674546102474,3.2924094221049884,70.7041580830618,246.46973905468508,48.083333333333336,27.0,48.083333333333336,176
core,pusht,transformer,test,factorized,"[0, 1]",192,64,8.333333333333334,8.333333333333334,3,189,6.878306878306878,block_angle_error_rad,3.084780839699082,0.8670255646598884,0.5109068732427948,0.0,0.16486140210619626,1.437576166421041,48.083333333333336,27.0,48.083333333333336,176
core,pusht,transformer,test,factorized,"[0, 1]",192,64,8.333333333333334,8.333333333333334,3,189,6.878306878306878,block_translation_error_px,459.478388652839,107.76231210169358,62.364702090358534,0.0,20.887232525324464,148.32487587205037,48.083333333333336,27.0,48.083333333333336,176
core,pusht,transformer,test,factorized,"[0, 1]",192,64,8.333333333333334,8.333333333333334,3,189,6.878306878306878,position_error_px,2158.3390814735485,252.2803215910957,156.82767690241593,8.134547952292845,91.45685429032649,325.86633577674525,48.083333333333336,27.0,48.083333333333336,176
core,pusht,transformer,test,factorized,"[0, 2]",192,64,9.375,9.375,3,189,7.936507936507937,agent_position_error_px,1076.0147014322101,183.81748061758967,122.18576908963007,2.7591476199094065,55.72595588576093,221.69548738298613,47.947916666666664,28.11111111111111,47.947916666666664,174
core,pusht,transformer,test,factorized,"[0, 2]",192,64,9.375,9.375,3,189,7.936507936507937,block_angle_error_rad,3.127818891968629,1.1720122922297176,0.8897403555237835,0.0,0.25005986577136463,2.045534907044753,47.947916666666664,28.11111111111111,47.947916666666664,174
core,pusht,transformer,test,factorized,"[0, 2]",192,64,9.375,9.375,3,189,7.936507936507937,block_translation_error_px,3190.0367787878085,178.97230126686463,95.225079563777,0.0,33.10382740865506,298.7870639193558,47.947916666666664,28.11111111111111,47.947916666666664,174
core,pusht,transformer,test,factorized,"[0, 2]",192,64,9.375,9.375,3,189,7.936507936507937,position_error_px,3193.0098064298427,281.1831329563429,211.35408055135338,8.134547952292845,93.72392261988408,396.9834859607783,47.947916666666664,28.11111111111111,47.947916666666664,174
core,pusht,transformer,test,factorized,"[1, 0]",192,64,9.375,9.375,9,183,4.918032786885246,agent_position_error_px,848.2992031222407,227.93819379359957,183.47400197526395,0.9715149757579039,82.5390420223331,329.5130586722603,47.0625,18.666666666666668,47.0625,174
core,pusht,transformer,test,factorized,"[1, 0]",192,64,9.375,9.375,9,183,4.918032786885246,block_angle_error_rad,2.3259371323734452,0.41472055205876873,0.23640498409002508,0.0,0.0803645794978507,0.5077892790196689,47.0625,18.666666666666668,47.0625,174
core,pusht,transformer,test,factorized,"[1, 0]",192,64,9.375,9.375,9,183,4.918032786885246,block_translation_error_px,253.1709806225537,50.22653167520364,38.42066722382198,0.0,12.720361430460422,71.22054297477825,47.0625,18.666666666666668,47.0625,174
core,pusht,transformer,test,factorized,"[1, 0]",192,64,9.375,9.375,9,183,4.918032786885246,position_error_px,859.3830005897698,240.71542554818907,191.71611200813217,5.408959181538078,98.60354312271741,337.85560575118416,47.0625,18.666666666666668,47.0625,174
core,pusht,transformer,test,factorized,"[1, 1]",192,64,2.6041666666666665,2.6041666666666665,3,189,1.0582010582010581,agent_position_error_px,1222.2221462290008,342.54666303101567,299.88365605296195,3.084274952188072,139.7504056352173,507.3028031794844,49.057291666666664,13.8,49.057291666666664,187
core,pusht,transformer,test,factorized,"[1, 1]",192,64,2.6041666666666665,2.6041666666666665,3,189,1.0582010582010581,block_angle_error_rad,3.131865213018793,1.0117677154150395,0.7817170861337632,0.0,0.25451436506330016,1.7112169853612693,49.057291666666664,13.8,49.057291666666664,187
core,pusht,transformer,test,factorized,"[1, 1]",192,64,2.6041666666666665,2.6041666666666665,3,189,1.0582010582010581,block_translation_error_px,1918.153974861009,167.61888043951606,117.22764770974982,0.0,51.472516414033066,261.55806860076046,49.057291666666664,13.8,49.057291666666664,187
core,pusht,transformer,test,factorized,"[1, 1]",192,64,2.6041666666666665,2.6041666666666665,3,189,1.0582010582010581,position_error_px,1957.6473471026484,405.7174250552744,348.33567408236274,4.4178301398998965,183.02299218169395,565.9105227977834,49.057291666666664,13.8,49.057291666666664,187
core,pusht,transformer,test,factorized,"[1, 2]",192,64,3.6458333333333335,3.6458333333333335,3,189,2.1164021164021163,agent_position_error_px,902.6512711247823,315.5992911122649,289.3394190156949,12.730495596933709,141.69110731281808,445.78734250691554,49.026041666666664,23.285714285714285,49.026041666666664,185
core,pusht,transformer,test,factorized,"[1, 2]",192,64,3.6458333333333335,3.6458333333333335,3,189,2.1164021164021163,block_angle_error_rad,3.1035053303655458,1.168080338201371,0.8852762503012683,0.0,0.3102646883234951,1.9563227563543006,49.026041666666664,23.285714285714285,49.026041666666664,185
core,pusht,transformer,test,factorized,"[1, 2]",192,64,3.6458333333333335,3.6458333333333335,3,189,2.1164021164021163,block_translation_error_px,617.6275107584123,210.68180639865375,198.693153928313,0.0,63.26409329195652,352.2317935215631,49.026041666666664,23.285714285714285,49.026041666666664,185
core,pusht,transformer,test,factorized,"[1, 2]",192,64,3.6458333333333335,3.6458333333333335,3,189,2.1164021164021163,position_error_px,924.7811362826357,409.8862488635057,427.3684815407971,13.457101269768723,227.75089219125192,574.7256096371998,49.026041666666664,23.285714285714285,49.026041666666664,185
core,pusht,transformer,test,factorized,"[2, 0]",192,64,5.208333333333333,5.208333333333333,9,183,0.546448087431694,agent_position_error_px,1158.2629418371805,362.29728622537897,321.82056913734584,14.696708478835754,152.56400236672863,549.6594166066806,47.942708333333336,10.5,47.942708333333336,182
core,pusht,transformer,test,factorized,"[2, 0]",192,64,5.208333333333333,5.208333333333333,9,183,0.546448087431694,block_angle_error_rad,2.3675846109547996,0.37329297785735654,0.23142945965838813,0.0,0.06634035594148402,0.4550829552676058,47.942708333333336,10.5,47.942708333333336,182
core,pusht,transformer,test,factorized,"[2, 0]",192,64,5.208333333333333,5.208333333333333,9,183,0.546448087431694,block_translation_error_px,171.08109948459762,48.45475170211969,38.66650108422148,0.0,10.74420330527173,78.1344479011692,47.942708333333336,10.5,47.942708333333336,182
core,pusht,transformer,test,factorized,"[2, 0]",192,64,5.208333333333333,5.208333333333333,9,183,0.546448087431694,position_error_px,1158.2629418371805,371.33812576812187,332.03325681559056,15.368484203023847,170.27562100709804,555.290603238876,47.942708333333336,10.5,47.942708333333336,182
core,pusht,transformer,test,factorized,"[2, 1]",192,64,3.125,3.125,3,189,1.5873015873015872,agent_position_error_px,1158.2629418371805,316.40507101999,258.6636494822624,6.769298147901969,152.06111356770433,399.81124654896684,48.942708333333336,16.166666666666668,48.942708333333336,186
core,pusht,transformer,test,factorized,"[2, 1]",192,64,3.125,3.125,3,189,1.5873015873015872,block_angle_error_rad,3.081502164535234,0.891424145475292,0.5486515936865446,0.0,0.1500257878572716,1.5719173119340364,48.942708333333336,16.166666666666668,48.942708333333336,186
core,pusht,transformer,test,factorized,"[2, 1]",192,64,3.125,3.125,3,189,1.5873015873015872,block_translation_error_px,593.9918192447703,125.18596661209011,88.67661554352239,0.0,32.806240903934196,165.85520354140428,48.942708333333336,16.166666666666668,48.942708333333336,186
core,pusht,transformer,test,factorized,"[2, 1]",192,64,3.125,3.125,3,189,1.5873015873015872,position_error_px,1158.2629418371805,362.93863066693916,317.85925241953095,14.610755357759698,193.9752874771506,485.9801171257485,48.942708333333336,16.166666666666668,48.942708333333336,186
core,pusht,transformer,test,factorized,"[2, 2]",192,64,2.6041666666666665,2.6041666666666665,3,189,1.0582010582010581,agent_position_error_px,1158.2629418371805,344.65964771024005,307.5307168823216,9.973500468910375,183.1782986741576,462.54176214635424,49.052083333333336,13.6,49.052083333333336,187
core,pusht,transformer,test,factorized,"[2, 2]",192,64,2.6041666666666665,2.6041666666666665,3,189,1.0582010582010581,block_angle_error_rad,3.0785697091875512,1.242516533679265,1.0095354517382522,0.0,0.33375881314465605,2.0075449725307055,49.052083333333336,13.6,49.052083333333336,187
core,pusht,transformer,test,factorized,"[2, 2]",192,64,2.6041666666666665,2.6041666666666665,3,189,1.0582010582010581,block_translation_error_px,551.5677644431809,162.49684995695588,120.88110681295167,0.0,49.26491930513515,240.5619534771908,49.052083333333336,13.6,49.052083333333336,187
core,pusht,transformer,test,factorized,"[2, 2]",192,64,2.6041666666666665,2.6041666666666665,3,189,1.0582010582010581,position_error_px,1158.2629418371805,406.91641161399247,389.69613748928964,14.310609246479467,245.1948290096002,509.45371363448976,49.052083333333336,13.6,49.052083333333336,187
core,pusht,transformer,test,factorized_unpaired,all,1728,64,6.770833333333333,6.770833333333333,45,1683,4.278074866310161,agent_position_error_px,2068.09593515884,263.0938308962383,195.7205049819738,1.3642282411899023,94.20395241694399,372.5160117189191,48.164351851851855,22.88888888888889,48.164351851851855,1611
core,pusht,transformer,test,factorized_unpaired,all,1728,64,6.770833333333333,6.770833333333333,45,1683,4.278074866310161,block_angle_error_rad,3.138968968657778,0.8524057575465376,0.49082925909330455,0.0,0.12352211296366034,1.4471559101688722,48.164351851851855,22.88888888888889,48.164351851851855,1611
core,pusht,transformer,test,factorized_unpaired,all,1728,64,6.770833333333333,6.770833333333333,45,1683,4.278074866310161,block_translation_error_px,2413.7514568086567,120.25498397924386,68.19083999690127,0.0,24.873217962112598,166.0171144862225,48.164351851851855,22.88888888888889,48.164351851851855,1611
core,pusht,transformer,test,factorized_unpaired,all,1728,64,6.770833333333333,6.770833333333333,45,1683,4.278074866310161,position_error_px,2417.239335111055,311.3368117121845,260.27344487254305,1.3642282411899023,121.67203440709997,447.74716295661733,48.164351851851855,22.88888888888889,48.164351851851855,1611
core,pusht,transformer,test,factorized_unpaired,"[0, 0]",192,64,16.145833333333332,16.145833333333332,9,183,12.021857923497267,agent_position_error_px,697.3474386191416,109.70067571497977,86.81585966050743,1.3642282411899023,53.40326331468249,137.78923007005687,45.979166666666664,25.096774193548388,45.979166666666664,161
core,pusht,transformer,test,factorized_unpaired,"[0, 0]",192,64,16.145833333333332,16.145833333333332,9,183,12.021857923497267,block_angle_error_rad,2.0989831648449604,0.24578552647827978,0.1415939666063153,0.0,0.04319098115824427,0.26929295406379694,45.979166666666664,25.096774193548388,45.979166666666664,161
core,pusht,transformer,test,factorized_unpaired,"[0, 0]",192,64,16.145833333333332,16.145833333333332,9,183,12.021857923497267,block_translation_error_px,185.5262780195424,30.700564171075516,24.090524930173856,0.0,8.815185862513756,44.24029850670094,45.979166666666664,25.096774193548388,45.979166666666664,161
core,pusht,transformer,test,factorized_unpaired,"[0, 0]",192,64,16.145833333333332,16.145833333333332,9,183,12.021857923497267,position_error_px,697.3661041849215,117.11096307377564,94.49557709543672,1.3642282411899023,61.56512038916398,144.67169131321043,45.979166666666664,25.096774193548388,45.979166666666664,161
core,pusht,transformer,test,factorized_unpaired,"[0, 1]",192,64,7.291666666666667,7.291666666666667,3,189,5.8201058201058204,agent_position_error_px,2068.09593515884,210.18449788211524,131.5000520992645,1.3642282411899023,74.22016240770083,245.1699446104622,48.322916666666664,27.0,48.322916666666664,178
core,pusht,transformer,test,factorized_unpaired,"[0, 1]",192,64,7.291666666666667,7.291666666666667,3,189,5.8201058201058204,block_angle_error_rad,3.093735911351148,0.9258131380362439,0.5579095483899654,0.0,0.1764962567512195,1.7072136538996299,48.322916666666664,27.0,48.322916666666664,178
core,pusht,transformer,test,factorized_unpaired,"[0, 1]",192,64,7.291666666666667,7.291666666666667,3,189,5.8201058201058204,block_translation_error_px,459.478388652839,106.35219037369433,68.975813802168,0.0,26.153614401189824,139.04741777668616,48.322916666666664,27.0,48.322916666666664,178
core,pusht,transformer,test,factorized_unpaired,"[0, 1]",192,64,7.291666666666667,7.291666666666667,3,189,5.8201058201058204,position_error_px,2118.523350510805,248.07023505601137,163.53543687797753,1.3642282411899023,103.03183222651536,314.5118475928009,48.322916666666664,27.0,48.322916666666664,178
core,pusht,transformer,test,factorized_unpaired,"[0, 2]",192,64,8.333333333333334,8.333333333333334,3,189,6.878306878306878,agent_position_error_px,1054.6860003305794,184.52742848079322,148.22030790936157,1.3642282411899023,67.0785326392057,232.86719340822737,48.067708333333336,26.8125,48.067708333333336,176
core,pusht,transformer,test,factorized_unpaired,"[0, 2]",192,64,8.333333333333334,8.333333333333334,3,189,6.878306878306878,block_angle_error_rad,3.1020634054227316,1.175827855981204,0.8491039551650692,0.0,0.25005986577136463,2.0912861669377953,48.067708333333336,26.8125,48.067708333333336,176
core,pusht,transformer,test,factorized_unpaired,"[0, 2]",192,64,8.333333333333334,8.333333333333334,3,189,6.878306878306878,block_translation_error_px,932.295403080886,163.42079455267768,105.55122694202423,0.0,33.10382740865506,278.31220683832555,48.067708333333336,26.8125,48.067708333333336,176
core,pusht,transformer,test,factorized_unpaired,"[0, 2]",192,64,8.333333333333334,8.333333333333334,3,189,6.878306878306878,position_error_px,1114.6656856081113,266.70676349580987,200.81302012789826,1.3642282411899023,105.0502790951611,398.83946477192603,48.067708333333336,26.8125,48.067708333333336,176
core,pusht,transformer,test,factorized_unpaired,"[1, 0]",192,64,9.895833333333334,9.895833333333334,9,183,5.46448087431694,agent_position_error_px,890.2086488294342,233.7864168889205,195.7205049819738,4.2926441215068145,83.58878966212002,352.3711559625664,47.291666666666664,22.63157894736842,47.291666666666664,173
core,pusht,transformer,test,factorized_unpaired,"[1, 0]",192,64,9.895833333333334,9.895833333333334,9,183,5.46448087431694,block_angle_error_rad,2.155264188650599,0.42538472229361296,0.27967493212538086,0.0,0.08957332095683945,0.6020742786937178,47.291666666666664,22.63157894736842,47.291666666666664,173
core,pusht,transformer,test,factorized_unpaired,"[1, 0]",192,64,9.895833333333334,9.895833333333334,9,183,5.46448087431694,block_translation_error_px,279.46749493261433,55.53121249529941,47.584690235091216,0.0,17.238010073466047,72.56791913267602,47.291666666666664,22.63157894736842,47.291666666666664,173
core,pusht,transformer,test,factorized_unpaired,"[1, 0]",192,64,9.895833333333334,9.895833333333334,9,183,5.46448087431694,position_error_px,897.3797548675525,247.95346692255626,207.81003071426977,9.36546343436377,107.96766447774228,354.3036302326037,47.291666666666664,22.63157894736842,47.291666666666664,173
core,pusht,transformer,test,factorized_unpaired,"[1, 1]",192,64,2.0833333333333335,2.0833333333333335,3,189,0.5291005291005291,agent_position_error_px,1199.0877420882625,337.70151694855986,261.0478349905402,14.969427994603203,131.92852761319523,518.8505600662725,49.234375,13.25,49.234375,188
core,pusht,transformer,test,factorized_unpaired,"[1, 1]",192,64,2.0833333333333335,2.0833333333333335,3,189,0.5291005291005291,block_angle_error_rad,3.138968968657778,1.047711181128783,0.7268802840699784,0.0,0.28892477600599653,1.774490258438263,49.234375,13.25,49.234375,188
core,pusht,transformer,test,factorized_unpaired,"[1, 1]",192,64,2.0833333333333335,2.0833333333333335,3,189,0.5291005291005291,block_translation_error_px,2413.7514568086567,176.34614722448165,122.42832410229433,0.0,50.9320097625485,267.4926876458371,49.234375,13.25,49.234375,188
core,pusht,transformer,test,factorized_unpaired,"[1, 1]",192,64,2.0833333333333335,2.0833333333333335,3,189,0.5291005291005291,position_error_px,2417.239335111055,411.40400087605684,333.4863904909075,15.089669774208213,195.1935235464985,584.1592934673748,49.234375,13.25,49.234375,188
core,pusht,transformer,test,factorized_unpaired,"[1, 2]",192,64,2.6041666666666665,2.6041666666666665,3,189,1.0582010582010581,agent_position_error_px,1178.3180543987107,326.81088753698896,275.2081338727053,11.158524651098238,126.14748679053193,494.3243655270809,49.171875,18.2,49.171875,187
core,pusht,transformer,test,factorized_unpaired,"[1, 2]",192,64,2.6041666666666665,2.6041666666666665,3,189,1.0582010582010581,block_angle_error_rad,3.129770622489149,1.3845274520948674,1.2924388999283667,0.0,0.5224342418354062,2.2754802253468833,49.171875,18.2,49.171875,187
core,pusht,transformer,test,factorized_unpaired,"[1, 2]",192,64,2.6041666666666665,2.6041666666666665,3,189,1.0582010582010581,block_translation_error_px,765.447947257898,217.49154815344878,203.67726711761992,0.0,79.5239472365222,347.50324162625077,49.171875,18.2,49.171875,187
core,pusht,transformer,test,factorized_unpaired,"[1, 2]",192,64,2.6041666666666665,2.6041666666666665,3,189,1.0582010582010581,position_error_px,1226.034191012389,424.4433524680863,434.73765652878643,15.368484203023847,222.03495860219266,571.8817741183682,49.171875,18.2,49.171875,187
core,pusht,transformer,test,factorized_unpaired,"[2, 0]",192,64,7.291666666666667,7.291666666666667,9,183,2.73224043715847,agent_position_error_px,1242.0124714053843,333.5783791864404,277.5050769064974,11.022678452090721,130.5842763378508,493.1355548775406,47.578125,16.785714285714285,47.578125,178
core,pusht,transformer,test,factorized_unpaired,"[2, 0]",192,64,7.291666666666667,7.291666666666667,9,183,2.73224043715847,block_angle_error_rad,1.9738232544003842,0.3614321263813371,0.2019179193957874,0.0,0.06987034654305857,0.473051676042891,47.578125,16.785714285714285,47.578125,178
core,pusht,transformer,test,factorized_unpaired,"[2, 0]",192,64,7.291666666666667,7.291666666666667,9,183,2.73224043715847,block_translation_error_px,209.4055143389114,48.95156968198118,38.66650108422148,0.0,11.264581836261828,75.58487710575511,47.578125,16.785714285714285,47.578125,178
core,pusht,transformer,test,factorized_unpaired,"[2, 0]",192,64,7.291666666666667,7.291666666666667,9,183,2.73224043715847,position_error_px,1242.0124714053843,342.9138817492128,289.87613478899624,14.311141111587705,154.07805900990928,495.76696258302565,47.578125,16.785714285714285,47.578125,178
core,pusht,transformer,test,factorized_unpaired,"[2, 1]",192,64,4.6875,4.6875,3,189,3.1746031746031744,agent_position_error_px,1242.0124714053843,303.63367241644977,256.3634369809935,7.842419695681897,144.7915218767763,391.5691543567997,48.796875,24.333333333333332,48.796875,183
core,pusht,transformer,test,factorized_unpaired,"[2, 1]",192,64,4.6875,4.6875,3,189,3.1746031746031744,block_angle_error_rad,3.0461349901912405,0.9003221111231765,0.5975490424155714,0.0,0.1546151148670285,1.5778572813645035,48.796875,24.333333333333332,48.796875,183
core,pusht,transformer,test,factorized_unpaired,"[2, 1]",192,64,4.6875,4.6875,3,189,3.1746031746031744,block_translation_error_px,995.1353612921381,126.44429135559464,91.92673203191629,0.0,29.46525682854874,175.53153613697185,48.796875,24.333333333333332,48.796875,183
core,pusht,transformer,test,factorized_unpaired,"[2, 1]",192,64,4.6875,4.6875,3,189,3.1746031746031744,position_error_px,1242.0124714053843,354.15715947166154,332.98323508712707,10.55646995038593,200.2489821120626,453.7145485793633,48.796875,24.333333333333332,48.796875,183
core,pusht,transformer,test,factorized_unpaired,"[2, 2]",192,64,2.6041666666666665,2.6041666666666665,3,189,1.0582010582010581,agent_position_error_px,1242.0124714053843,327.921003010897,277.86189232440415,10.557762460169878,177.85715081182505,457.92815117509355,49.036458333333336,13.0,49.036458333333336,187
core,pusht,transformer,test,factorized_unpaired,"[2, 2]",192,64,2.6041666666666665,2.6041666666666665,3,189,1.0582010582010581,block_angle_error_rad,3.136049809506626,1.2048477044013328,0.8897403555237835,0.0,0.2813851067028751,1.9788863339324676,49.036458333333336,13.0,49.036458333333336,187
core,pusht,transformer,test,factorized_unpaired,"[2, 2]",192,64,2.6041666666666665,2.6041666666666665,3,189,1.0582010582010581,block_translation_error_px,904.0722961562008,157.05653780494166,110.7984940444408,0.0,45.555619182176734,233.95187547445164,49.036458333333336,13.0,49.036458333333336,187
core,pusht,transformer,test,factorized_unpaired,"[2, 2]",192,64,2.6041666666666665,2.6041666666666665,3,189,1.0582010582010581,position_error_px,1242.0124714053843,389.27148229648975,345.5029428010973,12.099007494838709,227.11372104876736,536.0695442857899,49.036458333333336,13.0,49.036458333333336,187
core,pusht,transformer,test,framewise,all,1728,64,5.960648148148148,5.960648148148148,45,1683,3.4462269756387403,agent_position_error_px,1327.1855725727903,223.4900314058861,159.7043240614251,2.035572660143826,86.4776482968986,294.6118026751656,48.359375,22.475728155339805,48.359375,1625
core,pusht,transformer,test,framewise,all,1728,64,5.960648148148148,5.960648148148148,45,1683,3.4462269756387403,block_angle_error_rad,3.13357409209779,0.7923334374159431,0.4283460884102721,0.0,0.10596661160125576,1.2561715317678461,48.359375,22.475728155339805,48.359375,1625
core,pusht,transformer,test,framewise,all,1728,64,5.960648148148148,5.960648148148148,45,1683,3.4462269756387403,block_translation_error_px,681.3790695176946,101.64433733712266,55.07083161933056,0.0,21.703221291371946,140.05357746794581,48.359375,22.475728155339805,48.359375,1625
core,pusht,transformer,test,framewise,all,1728,64,5.960648148148148,5.960648148148148,45,1683,3.4462269756387403,position_error_px,1491.8776693892046,262.63875060427443,193.65316071782598,4.678632037293872,108.89783498968032,361.89271264122726,48.359375,22.475728155339805,48.359375,1625
core,pusht,transformer,test,framewise,"[0, 0]",192,64,10.9375,10.9375,9,183,6.557377049180328,agent_position_error_px,647.4944516683692,110.62113229679711,92.4097527311772,2.035572660143826,58.1696301217292,141.04494395384108,47.21875,24.571428571428573,47.21875,171
core,pusht,transformer,test,framewise,"[0, 0]",192,64,10.9375,10.9375,9,183,6.557377049180328,block_angle_error_rad,1.8273995079980825,0.26063689683755653,0.15149862508451317,0.0,0.04015176935248155,0.3286485267755177,47.21875,24.571428571428573,47.21875,171
core,pusht,transformer,test,framewise,"[0, 0]",192,64,10.9375,10.9375,9,183,6.557377049180328,block_translation_error_px,192.61115534813024,30.554391064927305,25.778300631646708,0.0,9.655468185873149,44.94449145840518,47.21875,24.571428571428573,47.21875,171
core,pusht,transformer,test,framewise,"[0, 0]",192,64,10.9375,10.9375,9,183,6.557377049180328,position_error_px,647.4974715123516,118.02045579859701,99.23966370177249,4.678632037293872,67.15407039070003,153.7036662474112,47.21875,24.571428571428573,47.21875,171
core,pusht,transformer,test,framewise,"[0, 1]",192,64,6.25,6.25,3,189,4.761904761904762,agent_position_error_px,1145.742637631787,188.5500718676325,121.37693620210206,3.6087477885295742,63.62904744146789,210.81896196400248,48.5625,27.0,48.5625,180
core,pusht,transformer,test,framewise,"[0, 1]",192,64,6.25,6.25,3,189,4.761904761904762,block_angle_error_rad,3.051247337361362,0.9299153546053757,0.5645895840600188,0.0,0.16856480306639388,1.621276345397184,48.5625,27.0,48.5625,180
core,pusht,transformer,test,framewise,"[0, 1]",192,64,6.25,6.25,3,189,4.761904761904762,block_translation_error_px,459.478388652839,124.53484145254008,83.26853018969376,0.0,29.870708143422313,174.78780044829162,48.5625,27.0,48.5625,180
core,pusht,transformer,test,framewise,"[0, 1]",192,64,6.25,6.25,3,189,4.761904761904762,position_error_px,1221.283844442726,243.43629649348244,162.39815753464444,4.678632037293872,93.83410781971057,328.0261654206306,48.5625,27.0,48.5625,180
core,pusht,transformer,test,framewise,"[0, 2]",192,64,6.25,6.25,3,189,4.761904761904762,agent_position_error_px,1306.7310023984135,208.71723240194515,142.43408077825526,2.810092752642708,76.66641775717534,274.51663881850476,48.578125,27.25,48.578125,180
core,pusht,transformer,test,framewise,"[0, 2]",192,64,6.25,6.25,3,189,4.761904761904762,block_angle_error_rad,3.13357409209779,1.161325259870306,0.8219015970898238,0.0,0.2540341653089403,2.111252642429673,48.578125,27.25,48.578125,180
core,pusht,transformer,test,framewise,"[0, 2]",192,64,6.25,6.25,3,189,4.761904761904762,block_translation_error_px,583.5637275700387,156.50284997886519,100.75934354959551,0.0,36.98763928735964,265.13655777972315,48.578125,27.25,48.578125,180
core,pusht,transformer,test,framewise,"[0, 2]",192,64,6.25,6.25,3,189,4.761904761904762,position_error_px,1357.9804389339506,279.72245394479575,226.817574017762,4.678632037293872,102.26485243818749,401.8532145825992,48.578125,27.25,48.578125,180
core,pusht,transformer,test,framewise,"[1, 0]",192,64,11.458333333333334,11.458333333333334,9,183,7.103825136612022,agent_position_error_px,934.8294619173109,173.9980202532529,126.62598895099399,3.9292794893924228,63.87401942581983,231.5252259704701,46.854166666666664,22.545454545454547,46.854166666666664,170
core,pusht,transformer,test,framewise,"[1, 0]",192,64,11.458333333333334,11.458333333333334,9,183,7.103825136612022,block_angle_error_rad,2.0602366034990287,0.37236588574068863,0.24424773220936413,0.0,0.05773137771036918,0.5308326910275559,46.854166666666664,22.545454545454547,46.854166666666664,170
core,pusht,transformer,test,framewise,"[1, 0]",192,64,11.458333333333334,11.458333333333334,9,183,7.103825136612022,block_translation_error_px,224.32022367318703,39.41128983038535,30.896108202233915,0.0,12.695716532953256,57.446743478796975,46.854166666666664,22.545454545454547,46.854166666666664,170
core,pusht,transformer,test,framewise,"[1, 0]",192,64,11.458333333333334,11.458333333333334,9,183,7.103825136612022,position_error_px,944.4829005744875,182.76486451071466,141.25887476972483,12.332620358110184,73.12472059028377,247.27908908901944,46.854166666666664,22.545454545454547,46.854166666666664,170
core,pusht,transformer,test,framewise,"[1, 1]",192,64,3.125,3.125,3,189,1.5873015873015872,agent_position_error_px,1327.1855725727903,241.0862981256772,173.1318508017743,6.5758700872432,110.21999753910166,291.7005599511443,49.135416666666664,22.333333333333332,49.135416666666664,186
core,pusht,transformer,test,framewise,"[1, 1]",192,64,3.125,3.125,3,189,1.5873015873015872,block_angle_error_rad,3.1032406738047644,0.8674861371675991,0.526732998061509,0.0,0.14286390070008603,1.5056419378530062,49.135416666666664,22.333333333333332,49.135416666666664,186
core,pusht,transformer,test,framewise,"[1, 1]",192,64,3.125,3.125,3,189,1.5873015873015872,block_translation_error_px,681.3790695176946,118.4929400608587,57.85652843003007,0.0,22.805403679247856,167.48250470467644,49.135416666666664,22.333333333333332,49.135416666666664,186
core,pusht,transformer,test,framewise,"[1, 1]",192,64,3.125,3.125,3,189,1.5873015873015872,position_error_px,1491.8776693892046,285.4198725490457,210.12490630847122,15.368484203023847,126.06028667450036,359.95372069973314,49.135416666666664,22.333333333333332,49.135416666666664,186
core,pusht,transformer,test,framewise,"[1, 2]",192,64,2.6041666666666665,2.6041666666666665,3,189,1.0582010582010581,agent_position_error_px,970.5768189691793,233.1419691421696,175.81286580289446,7.8089945732057116,106.58010068102206,291.4496708725055,49.104166666666664,15.6,49.104166666666664,187
core,pusht,transformer,test,framewise,"[1, 2]",192,64,2.6041666666666665,2.6041666666666665,3,189,1.0582010582010581,block_angle_error_rad,3.1152648278425596,1.10143154980715,0.8730610783561816,0.0,0.25005986577136463,1.89343507339501,49.104166666666664,15.6,49.104166666666664,187
core,pusht,transformer,test,framewise,"[1, 2]",192,64,2.6041666666666665,2.6041666666666665,3,189,1.0582010582010581,block_translation_error_px,497.2302603282064,141.33181780890177,88.34540507709167,0.0,36.63570648740065,218.96135107010787,49.104166666666664,15.6,49.104166666666664,187
core,pusht,transformer,test,framewise,"[1, 2]",192,64,2.6041666666666665,2.6041666666666665,3,189,1.0582010582010581,position_error_px,1038.54914251489,291.06013447242617,228.6309060937586,10.25561792134502,140.9688326773553,397.7218828993263,49.104166666666664,15.6,49.104166666666664,187
core,pusht,transformer,test,framewise,"[2, 0]",192,64,6.770833333333333,6.770833333333333,9,183,2.185792349726776,agent_position_error_px,1307.7090444889554,291.88207907121347,234.63358685436742,14.315523481826895,125.33356396848849,397.27976199429094,47.588541666666664,14.384615384615385,47.588541666666664,179
core,pusht,transformer,test,framewise,"[2, 0]",192,64,6.770833333333333,6.770833333333333,9,183,2.185792349726776,block_angle_error_rad,1.956906634931479,0.39027880371061446,0.20122937265376173,0.0,0.0671760820686369,0.5045545115055823,47.588541666666664,14.384615384615385,47.588541666666664,179
core,pusht,transformer,test,framewise,"[2, 0]",192,64,6.770833333333333,6.770833333333333,9,183,2.185792349726776,block_translation_error_px,179.0383385976627,45.15556308787243,32.8170361625384,0.0,9.722855736783089,68.41854125736491,47.588541666666664,14.384615384615385,47.588541666666664,179
core,pusht,transformer,test,framewise,"[2, 0]",192,64,6.770833333333333,6.770833333333333,9,183,2.185792349726776,position_error_px,1307.7474733033268,300.68618047053366,251.59291966320527,15.368484203023847,137.0403260588311,398.9950637034277,47.588541666666664,14.384615384615385,47.588541666666664,179
core,pusht,transformer,test,framewise,"[2, 1]",192,64,2.6041666666666665,2.6041666666666665,3,189,1.0582010582010581,agent_position_error_px,1139.868815348633,275.6678743341918,208.19604730899107,9.001777442770198,117.55108759392817,351.00340176692544,49.145833333333336,17.2,49.145833333333336,187
core,pusht,transformer,test,framewise,"[2, 1]",192,64,2.6041666666666665,2.6041666666666665,3,189,1.0582010582010581,block_angle_error_rad,3.1306351786253277,0.8584030764663279,0.4534216531890025,0.0,0.11793920002150049,1.5644495242768317,49.145833333333336,17.2,49.145833333333336,187
core,pusht,transformer,test,framewise,"[2, 1]",192,64,2.6041666666666665,2.6041666666666665,3,189,1.0582010582010581,block_translation_error_px,459.478388652839,115.36196203865673,75.73719282509126,0.0,26.385442832341,169.35377165922074,49.145833333333336,17.2,49.145833333333336,187
core,pusht,transformer,test,framewise,"[2, 1]",192,64,2.6041666666666665,2.6041666666666665,3,189,1.0582010582010581,position_error_px,1228.9919877050888,320.3738666018833,259.7827922023712,13.215961948674037,158.36957137338936,412.09555103694595,49.145833333333336,17.2,49.145833333333336,187
core,pusht,transformer,test,framewise,"[2, 2]",192,64,3.6458333333333335,3.6458333333333335,3,189,2.1164021164021163,agent_position_error_px,1004.8653601531782,287.7456051600952,231.0170700465534,2.9126638672331318,149.0850854209774,381.0207686725131,49.046875,23.857142857142858,49.046875,185
core,pusht,transformer,test,framewise,"[2, 2]",192,64,3.6458333333333335,3.6458333333333335,3,189,2.1164021164021163,block_angle_error_rad,3.133426622396624,1.189157972537869,0.9097467333273341,0.0,0.2857795182700015,1.9021562821250984,49.046875,23.857142857142858,49.046875,185
core,pusht,transformer,test,framewise,"[2, 2]",192,64,3.6458333333333335,3.6458333333333335,3,189,2.1164021164021163,block_translation_error_px,558.2035677011874,143.45338071109634,102.75422815082565,0.0,36.016686317683494,229.0917099036362,49.046875,23.857142857142858,49.046875,185
core,pusht,transformer,test,framewise,"[2, 2]",192,64,3.6458333333333335,3.6458333333333335,3,189,2.1164021164021163,position_error_px,1015.1222534002999,342.26463059699114,301.98310110060197,12.14038432807022,190.5917664593016,448.2242192321308,49.046875,23.857142857142858,49.046875,185
core,pusht,transformer,test,frozen,all,576,64,9.027777777777779,9.027777777777779,15,561,6.595365418894831,agent_position_error_px,1357.0422602209353,202.97165773323943,162.60744374770513,5.859668305247662,81.24768899172841,276.6636995088932,47.486111111111114,22.153846153846153,47.486111111111114,524
core,pusht,transformer,test,frozen,all,576,64,9.027777777777779,9.027777777777779,15,561,6.595365418894831,block_angle_error_rad,3.14114737677194,0.817786834024969,0.512378398731145,0.0,0.13306576447834706,1.2765792211642468,47.486111111111114,22.153846153846153,47.486111111111114,524
core,pusht,transformer,test,frozen,all,576,64,9.027777777777779,9.027777777777779,15,561,6.595365418894831,block_translation_error_px,594.4995858369163,119.92917773277097,79.97127639739972,0.0,22.132099165394834,171.8226032749012,47.486111111111114,22.153846153846153,47.486111111111114,524
core,pusht,transformer,test,frozen,all,576,64,9.027777777777779,9.027777777777779,15,561,6.595365418894831,position_error_px,1418.3722144219096,252.6207626524858,212.78886444822416,11.620028081972748,106.03664517645231,367.0218729851189,47.486111111111114,22.153846153846153,47.486111111111114,524
core,pusht,transformer,test,frozen,"[0, 0]",64,64,29.6875,29.6875,3,61,26.229508196721312,agent_position_error_px,278.13734162540953,66.10874605927509,41.704799573750634,9.96852303469652,19.008814552838533,97.64058267562596,43.359375,27.63157894736842,43.359375,45
core,pusht,transformer,test,frozen,"[0, 0]",64,64,29.6875,29.6875,3,61,26.229508196721312,block_angle_error_rad,1.766410250999523,0.15880658195431396,0.12448214325622864,0.0,0.03889870310897525,0.18702305949757903,43.359375,27.63157894736842,43.359375,45
core,pusht,transformer,test,frozen,"[0, 0]",64,64,29.6875,29.6875,3,61,26.229508196721312,block_translation_error_px,137.57750970439034,16.629180983527185,11.193756543394706,0.0,4.954044461615509,18.815596179130303,43.359375,27.63157894736842,43.359375,45
core,pusht,transformer,test,frozen,"[0, 0]",64,64,29.6875,29.6875,3,61,26.229508196721312,position_error_px,286.06941605338704,69.92316012398905,51.47093542915483,11.620028081972748,19.577663494039395,98.38212599914914,43.359375,27.63157894736842,43.359375,45
core,pusht,transformer,test,frozen,"[0, 1]",64,64,7.8125,7.8125,1,63,6.349206349206349,agent_position_error_px,975.432302022296,169.91883662192637,145.98129502422745,15.239799915284479,84.22994473322561,222.64416649050423,48.203125,27.0,48.203125,59
core,pusht,transformer,test,frozen,"[0, 1]",64,64,7.8125,7.8125,1,63,6.349206349206349,block_angle_error_rad,3.056100071707611,0.8807966283493132,0.5365707228060186,0.0,0.08728079195445404,1.642130362193407,48.203125,27.0,48.203125,59
core,pusht,transformer,test,frozen,"[0, 1]",64,64,7.8125,7.8125,1,63,6.349206349206349,block_translation_error_px,434.49721590094475,125.94489194977561,87.63532050134734,0.0,28.63191871745943,160.10743882562403,48.203125,27.0,48.203125,59
core,pusht,transformer,test,frozen,"[0, 1]",64,64,7.8125,7.8125,1,63,6.349206349206349,position_error_px,1033.7377777082656,223.84098350706932,180.28293686816107,15.368484203023847,108.351188655031,273.09648893370405,48.203125,27.0,48.203125,59
core,pusht,transformer,test,frozen,"[0, 2]",64,64,4.6875,4.6875,1,63,3.1746031746031744,agent_position_error_px,724.2749769074314,211.66070819356082,178.30143347273594,15.368484203023847,93.77362650849304,290.45987170871626,48.46875,17.333333333333332,48.46875,61
core,pusht,transformer,test,frozen,"[0, 2]",64,64,4.6875,4.6875,1,63,3.1746031746031744,block_angle_error_rad,3.0996076132669668,1.1897690299679728,0.9340014175494948,0.0,0.3099221266558583,2.022918529673214,48.46875,17.333333333333332,48.46875,61
core,pusht,transformer,test,frozen,"[0, 2]",64,64,4.6875,4.6875,1,63,3.1746031746031744,block_translation_error_px,594.4995858369163,200.69679666567737,164.21539849546826,0.0,70.81584982886848,348.96021352968717,48.46875,17.333333333333332,48.46875,61
core,pusht,transformer,test,frozen,"[0, 2]",64,64,4.6875,4.6875,1,63,3.1746031746031744,position_error_px,868.9314542831238,314.8226819498556,299.36563352527423,15.368484203023847,177.32993898070163,411.7981927346274,48.46875,17.333333333333332,48.46875,61
core,pusht,transformer,test,frozen,"[1, 0]",64,64,9.375,9.375,3,61,4.918032786885246,agent_position_error_px,491.8631476554281,146.37645234053102,120.85643118343592,11.132868823445413,59.77605519458514,207.27473505438076,46.640625,14.166666666666666,46.640625,58
core,pusht,transformer,test,frozen,"[1, 0]",64,64,9.375,9.375,3,61,4.918032786885246,block_angle_error_rad,2.2710715863475475,0.46328530023787856,0.3692828681273139,0.0,0.1353184497859372,0.6731911294648123,46.640625,14.166666666666666,46.640625,58
core,pusht,transformer,test,frozen,"[1, 0]",64,64,9.375,9.375,3,61,4.918032786885246,block_translation_error_px,220.46882676498282,62.10692304613741,49.79689372625727,0.0,25.440570926145416,96.3752653206536,46.640625,14.166666666666666,46.640625,58
core,pusht,transformer,test,frozen,"[1, 0]",64,64,9.375,9.375,3,61,4.918032786885246,position_error_px,512.1865361111619,165.36262999397317,142.3880401975019,15.368484203023847,76.62493803552893,213.12913211154844,46.640625,14.166666666666666,46.640625,58
core,pusht,transformer,test,frozen,"[1, 1]",64,64,6.25,6.25,1,63,4.761904761904762,agent_position_error_px,1357.0422602209353,229.0361344462901,170.79819347042434,10.718708926062462,86.08305077785225,276.855183201351,48.078125,19.25,48.078125,60
core,pusht,transformer,test,frozen,"[1, 1]",64,64,6.25,6.25,1,63,4.761904761904762,block_angle_error_rad,3.1365585140608037,0.9866605010318026,0.623506074955765,0.0,0.33316478793020576,1.6309671817350448,48.078125,19.25,48.078125,60
core,pusht,transformer,test,frozen,"[1, 1]",64,64,6.25,6.25,1,63,4.761904761904762,block_translation_error_px,534.7480271721636,133.70048985339417,94.05542642893474,0.0,52.36554126667702,185.86487904599022,48.078125,19.25,48.078125,60
core,pusht,transformer,test,frozen,"[1, 1]",64,64,6.25,6.25,1,63,4.761904761904762,position_error_px,1418.3722144219096,280.02604112182553,219.35714543569475,15.368484203023847,114.96108470274322,390.41114665825245,48.078125,19.25,48.078125,60
core,pusht,transformer,test,frozen,"[1, 2]",64,64,3.125,3.125,1,63,1.5873015873015872,agent_position_error_px,635.1543512510475,207.35822190034276,172.98984875303137,15.368484203023847,100.75921800178702,261.54786564704835,49.140625,22.5,49.140625,62
core,pusht,transformer,test,frozen,"[1, 2]",64,64,3.125,3.125,1,63,1.5873015873015872,block_angle_error_rad,3.1406414119714663,1.1431569622821838,0.8367844800445161,0.0,0.24951425871632693,1.838788967849305,49.140625,22.5,49.140625,62
core,pusht,transformer,test,frozen,"[1, 2]",64,64,3.125,3.125,1,63,1.5873015873015872,block_translation_error_px,497.833808537729,193.9953140442744,179.2849605778796,0.0,80.79664184221471,298.7668198760229,49.140625,22.5,49.140625,62
core,pusht,transformer,test,frozen,"[1, 2]",64,64,3.125,3.125,1,63,1.5873015873015872,position_error_px,796.171262971393,307.5157330273578,282.45277865008416,15.368484203023847,190.03888798788034,413.5444219740918,49.140625,22.5,49.140625,62
core,pusht,transformer,test,frozen,"[2, 0]",64,64,12.5,12.5,3,61,8.19672131147541,agent_position_error_px,742.0273041753572,218.46327788319758,175.98396258549414,11.849354715190684,94.05359551617069,337.42048874321057,46.078125,18.625,46.078125,56
core,pusht,transformer,test,frozen,"[2, 0]",64,64,12.5,12.5,3,61,8.19672131147541,block_angle_error_rad,1.868312490480422,0.4236312042312817,0.22147148129900418,0.0,0.0782424794344101,0.6212453070807515,46.078125,18.625,46.078125,56
core,pusht,transformer,test,frozen,"[2, 0]",64,64,12.5,12.5,3,61,8.19672131147541,block_translation_error_px,217.99053945721082,59.810613570671286,50.05536268669688,0.0,20.600876510896892,94.74743963509155,46.078125,18.625,46.078125,56
core,pusht,transformer,test,frozen,"[2, 0]",64,64,12.5,12.5,3,61,8.19672131147541,position_error_px,750.497286109944,232.92689562489554,189.34569401476608,11.864243147564473,117.78730150165084,347.9934604062412,46.078125,18.625,46.078125,56
core,pusht,transformer,test,frozen,"[2, 1]",64,64,3.125,3.125,1,63,1.5873015873015872,agent_position_error_px,889.7184215970025,289.86054878855805,262.1055012347003,15.368484203023847,155.9068510394263,378.96150169466284,48.796875,11.5,48.796875,62
core,pusht,transformer,test,frozen,"[2, 1]",64,64,3.125,3.125,1,63,1.5873015873015872,block_angle_error_rad,3.14114737677194,0.8939701019826259,0.6245662668038583,0.0,0.19494095200817707,1.3772528992001345,48.796875,11.5,48.796875,62
core,pusht,transformer,test,frozen,"[2, 1]",64,64,3.125,3.125,1,63,1.5873015873015872,block_translation_error_px,386.44922989033086,131.5494399401276,103.00803446796697,0.0,61.125248782719325,210.37128213404344,48.796875,11.5,48.796875,62
core,pusht,transformer,test,frozen,"[2, 1]",64,64,3.125,3.125,1,63,1.5873015873015872,position_error_px,939.6763536702783,333.0420870560308,320.8796039470693,15.368484203023847,211.19384933976173,425.24183062544967,48.796875,11.5,48.796875,62
core,pusht,transformer,test,frozen,"[2, 2]",64,64,4.6875,4.6875,1,63,3.1746031746031744,agent_position_error_px,933.3353121116726,287.9619933654731,227.75280607033375,5.859668305247662,141.6850595329801,390.94110398381287,48.609375,20.333333333333332,48.609375,61
core,pusht,transformer,test,frozen,"[2, 2]",64,64,4.6875,4.6875,1,63,3.1746031746031744,block_angle_error_rad,3.0562229844982447,1.2200051961873477,0.9991606651507206,0.0,0.5508943565768785,1.908300295123225,48.609375,20.333333333333332,48.609375,61
core,pusht,transformer,test,frozen,"[2, 2]",64,64,4.6875,4.6875,1,63,3.1746031746031744,block_translation_error_px,506.8892918561807,154.92894954135346,124.07979103942529,0.0,52.19088114922211,232.96571034543828,48.609375,20.333333333333332,48.609375,61
core,pusht,transformer,test,frozen,"[2, 2]",64,64,4.6875,4.6875,1,63,3.1746031746031744,position_error_px,955.2945595023126,346.126651467375,288.61322989182855,15.368484203023847,180.33934740701613,480.7414643162464,48.609375,20.333333333333332,48.609375,61
core,pusht,transformer,test,plain,all,1728,64,5.844907407407407,5.844907407407407,45,1683,3.3273915626856803,agent_position_error_px,1413.893326952163,315.7464188180548,264.3792733245097,2.046996591855566,112.36588163229392,467.51922627893356,48.20543981481482,19.297029702970296,48.20543981481482,1627
core,pusht,transformer,test,plain,all,1728,64,5.844907407407407,5.844907407407407,45,1683,3.3273915626856803,block_angle_error_rad,3.1372924768680495,0.8238192214011778,0.48891349709136933,0.0,0.12237123909629777,1.3505124331948926,48.20543981481482,19.297029702970296,48.20543981481482,1627
core,pusht,transformer,test,plain,all,1728,64,5.844907407407407,5.844907407407407,45,1683,3.3273915626856803,block_translation_error_px,1771.0227009453429,116.12304427462833,68.74982070039846,0.0,25.367644379237838,161.91642779914469,48.20543981481482,19.297029702970296,48.20543981481482,1627
core,pusht,transformer,test,plain,all,1728,64,5.844907407407407,5.844907407407407,45,1683,3.3273915626856803,position_error_px,1812.6430509490235,354.7183369648094,307.2812351757823,2.8556479727889483,141.54774578601814,524.2643564471655,48.20543981481482,19.297029702970296,48.20543981481482,1627
core,pusht,transformer,test,plain,"[0, 0]",192,64,13.020833333333334,13.020833333333334,9,183,8.743169398907105,agent_position_error_px,503.8652690861489,99.05012128974074,79.47679783608723,2.046996591855566,42.72710809619989,128.98893681230902,46.796875,25.4,46.796875,167
core,pusht,transformer,test,plain,"[0, 0]",192,64,13.020833333333334,13.020833333333334,9,183,8.743169398907105,block_angle_error_rad,1.611669718088236,0.27258047624541587,0.14519677303493062,0.0,0.04341990369262305,0.30009724514415637,46.796875,25.4,46.796875,167
core,pusht,transformer,test,plain,"[0, 0]",192,64,13.020833333333334,13.020833333333334,9,183,8.743169398907105,block_translation_error_px,141.19239388725933,29.347012595103923,24.12965068535028,0.0,8.632919046000843,40.25098822997246,46.796875,25.4,46.796875,167
core,pusht,transformer,test,plain,"[0, 0]",192,64,13.020833333333334,13.020833333333334,9,183,8.743169398907105,position_error_px,504.0959460387418,106.19645402751651,86.33398521688153,2.8556479727889483,54.33268723289525,137.74532374488882,46.796875,25.4,46.796875,167
core,pusht,transformer,test,plain,"[0, 1]",192,64,5.208333333333333,5.208333333333333,3,189,3.7037037037037037,agent_position_error_px,1308.305852753812,199.8287577960908,141.5895968629514,6.489004273535237,69.92087186240468,247.5503434865993,48.442708333333336,20.1,48.442708333333336,182
core,pusht,transformer,test,plain,"[0, 1]",192,64,5.208333333333333,5.208333333333333,3,189,3.7037037037037037,block_angle_error_rad,3.0644473642644936,0.829757001348316,0.4833572854610735,0.0,0.13315263714655623,1.3255293357362978,48.442708333333336,20.1,48.442708333333336,182
core,pusht,transformer,test,plain,"[0, 1]",192,64,5.208333333333333,5.208333333333333,3,189,3.7037037037037037,block_translation_error_px,469.6002833212082,93.60148974785916,58.7424799014805,0.0,23.73618084457396,111.73607492603509,48.442708333333336,20.1,48.442708333333336,182
core,pusht,transformer,test,plain,"[0, 1]",192,64,5.208333333333333,5.208333333333333,3,189,3.7037037037037037,position_error_px,1333.1544848894036,231.17841320960648,164.56474317666465,6.678483668947152,91.87179604098736,306.86364726434743,48.442708333333336,20.1,48.442708333333336,182
core,pusht,transformer,test,plain,"[0, 2]",192,64,9.375,9.375,3,189,7.936507936507937,agent_position_error_px,1003.243408737417,206.97592274094197,148.1920740137055,3.0385670589787024,76.7109312952127,282.90971487991595,47.723958333333336,25.72222222222222,47.723958333333336,174
core,pusht,transformer,test,plain,"[0, 2]",192,64,9.375,9.375,3,189,7.936507936507937,block_angle_error_rad,3.133932100996489,1.1229180443057418,0.8043930190542037,0.0,0.19550707800135836,2.0136982547493933,47.723958333333336,25.72222222222222,47.723958333333336,174
core,pusht,transformer,test,plain,"[0, 2]",192,64,9.375,9.375,3,189,7.936507936507937,block_translation_error_px,511.7178025488911,153.25373813275775,112.78185034670904,0.0,36.98763928735964,263.11892697981915,47.723958333333336,25.72222222222222,47.723958333333336,174
core,pusht,transformer,test,plain,"[0, 2]",192,64,9.375,9.375,3,189,7.936507936507937,position_error_px,1066.1211791133117,273.98272821593264,207.31628804188767,6.678483668947152,102.95306122467595,415.50043589778704,47.723958333333336,25.72222222222222,47.723958333333336,174
core,pusht,transformer,test,plain,"[1, 0]",192,64,9.375,9.375,9,183,4.918032786885246,agent_position_error_px,1021.8771940685975,279.289505023961,243.3076538385231,2.2340280510049686,124.62467201912995,394.46387383100387,46.651041666666664,14.277777777777779,46.651041666666664,174
core,pusht,transformer,test,plain,"[1, 0]",192,64,9.375,9.375,9,183,4.918032786885246,block_angle_error_rad,2.004629373749422,0.4500047244696554,0.29727629301499126,0.0,0.07683636624368528,0.6736793285809067,46.651041666666664,14.277777777777779,46.651041666666664,174
core,pusht,transformer,test,plain,"[1, 0]",192,64,9.375,9.375,9,183,4.918032786885246,block_translation_error_px,271.51396696648254,57.60034192398652,46.723333677350375,0.0,17.443923700478578,86.24167740560799,46.651041666666664,14.277777777777779,46.651041666666664,174
core,pusht,transformer,test,plain,"[1, 0]",192,64,9.375,9.375,9,183,4.918032786885246,position_error_px,1030.715686485123,292.4820186499637,261.17352825042116,6.621236797801571,139.44649141802918,406.4893977842475,46.651041666666664,14.277777777777779,46.651041666666664,174
core,pusht,transformer,test,plain,"[1, 1]",192,64,2.6041666666666665,2.6041666666666665,3,189,1.0582010582010581,agent_position_error_px,1406.3953580623327,390.897932325079,334.03984551701745,7.675847235813064,193.9592741838202,564.5137174794878,49.046875,13.4,49.046875,187
core,pusht,transformer,test,plain,"[1, 1]",192,64,2.6041666666666665,2.6041666666666665,3,189,1.0582010582010581,block_angle_error_rad,3.0216378367672245,0.9115106986703259,0.6460891014947767,0.0,0.2006596044396638,1.6062962654260013,49.046875,13.4,49.046875,187
core,pusht,transformer,test,plain,"[1, 1]",192,64,2.6041666666666665,2.6041666666666665,3,189,1.0582010582010581,block_translation_error_px,673.9419537948419,153.63594943730965,110.55126977393864,0.0,56.778605345012984,243.82229053490636,49.046875,13.4,49.046875,187
core,pusht,transformer,test,plain,"[1, 1]",192,64,2.6041666666666665,2.6041666666666665,3,189,1.0582010582010581,position_error_px,1428.78650117462,442.6680132713347,404.3318047214469,13.679843920972585,251.95013499128373,592.9489949564872,49.046875,13.4,49.046875,187
core,pusht,transformer,test,plain,"[1, 2]",192,64,2.6041666666666665,2.6041666666666665,3,189,1.0582010582010581,agent_position_error_px,1413.893326952163,388.18480327745436,358.28653680920246,10.881461668365322,216.44081807098598,514.2799313208737,49.03125,12.8,49.03125,187
core,pusht,transformer,test,plain,"[1, 2]",192,64,2.6041666666666665,2.6041666666666665,3,189,1.0582010582010581,block_angle_error_rad,3.1372924768680495,1.2853317305804042,1.0477078670878615,0.0,0.4612835721721369,2.159299878999222,49.03125,12.8,49.03125,187
core,pusht,transformer,test,plain,"[1, 2]",192,64,2.6041666666666665,2.6041666666666665,3,189,1.0582010582010581,block_translation_error_px,1771.0227009453429,200.2520599270706,158.88671526710465,0.0,63.97350688072817,320.5210409382475,49.03125,12.8,49.03125,187
core,pusht,transformer,test,plain,"[1, 2]",192,64,2.6041666666666665,2.6041666666666665,3,189,1.0582010582010581,position_error_px,1812.6430509490235,462.64095677042474,441.3457464500118,13.882440497955237,287.12135473740227,565.4541165432879,49.03125,12.8,49.03125,187
core,pusht,transformer,test,plain,"[2, 0]",192,64,6.25,6.25,9,183,1.639344262295082,agent_position_error_px,1052.3220582801118,410.0523304633198,380.7481612546442,6.614421094391259,201.15759112635743,579.1312032980029,47.682291666666664,12.916666666666666,47.682291666666664,180
core,pusht,transformer,test,plain,"[2, 0]",192,64,6.25,6.25,9,183,1.639344262295082,block_angle_error_rad,2.2410207766654135,0.40588509599349565,0.25636745068861266,0.0,0.05855117262235687,0.5437566886927001,47.682291666666664,12.916666666666666,47.682291666666664,180
core,pusht,transformer,test,plain,"[2, 0]",192,64,6.25,6.25,9,183,1.639344262295082,block_translation_error_px,288.1003796388976,54.861768879438635,40.052461333652474,0.0,16.06862306565504,77.7890603793283,47.682291666666664,12.916666666666666,47.682291666666664,180
core,pusht,transformer,test,plain,"[2, 0]",192,64,6.25,6.25,9,183,1.639344262295082,position_error_px,1054.0202782088945,420.57784050753503,384.0677492260791,11.045951577874206,221.73335072792392,580.3021138057866,47.682291666666664,12.916666666666666,47.682291666666664,180
core,pusht,transformer,test,plain,"[2, 1]",192,64,2.0833333333333335,2.0833333333333335,3,189,0.5291005291005291,agent_position_error_px,1229.379254782497,423.2319708287816,364.22157150377484,11.408730115745211,231.37604243391723,585.8088917993512,49.291666666666664,16.0,49.291666666666664,188
core,pusht,transformer,test,plain,"[2, 1]",192,64,2.0833333333333335,2.0833333333333335,3,189,0.5291005291005291,block_angle_error_rad,3.1332842727650556,0.9586582050935833,0.6192794796664147,0.0,0.2373545498578502,1.6610671268378352,49.291666666666664,16.0,49.291666666666664,188
core,pusht,transformer,test,plain,"[2, 1]",192,64,2.0833333333333335,2.0833333333333335,3,189,0.5291005291005291,block_translation_error_px,539.0053551814159,121.93794238218801,100.30480684488059,0.0,34.073377715412164,173.01596384204993,49.291666666666664,16.0,49.291666666666664,188
core,pusht,transformer,test,plain,"[2, 1]",192,64,2.0833333333333335,2.0833333333333335,3,189,0.5291005291005291,position_error_px,1230.9751097646722,457.76541749672634,421.3321525237484,15.368484203023847,275.5161262792671,602.8320655776844,49.291666666666664,16.0,49.291666666666664,188
core,pusht,transformer,test,plain,"[2, 2]",192,64,2.0833333333333335,2.0833333333333335,3,189,0.5291005291005291,agent_position_error_px,1248.730532382074,444.20642561712447,434.87302692278286,6.28754792255446,280.08011954726567,592.5309940142072,49.182291666666664,10.75,49.182291666666664,188
core,pusht,transformer,test,plain,"[2, 2]",192,64,2.0833333333333335,2.0833333333333335,3,189,0.5291005291005291,block_angle_error_rad,3.1289007139575205,1.1777270159036626,0.8942899435509788,0.0,0.2640061448247716,1.9300056894345436,49.182291666666664,10.75,49.182291666666664,188
core,pusht,transformer,test,plain,"[2, 2]",192,64,2.0833333333333335,2.0833333333333335,3,189,0.5291005291005291,block_translation_error_px,619.2423314239406,180.61709544594066,147.20804240886744,0.0,45.555619182176734,319.9277023055761,49.182291666666664,10.75,49.182291666666664,188
core,pusht,transformer,test,plain,"[2, 2]",192,64,2.0833333333333335,2.0833333333333335,3,189,0.5291005291005291,position_error_px,1257.3774891626892,504.9731905342442,510.82102217764646,15.368484203023847,357.2886799574776,636.2436268423382,49.182291666666664,10.75,49.182291666666664,188
core,pusht,transformer,test,single,all,1728,64,6.597222222222222,6.597222222222222,45,1683,4.09982174688057,agent_position_error_px,2370.648873937135,254.199042773794,189.56221509214384,1.0498612312407638,91.22992430992412,357.1768457690149,48.26793981481482,23.74561403508772,48.26793981481482,1614
core,pusht,transformer,test,single,all,1728,64,6.597222222222222,6.597222222222222,45,1683,4.09982174688057,block_angle_error_rad,3.1406421769374173,0.8461350901329783,0.5046165106351082,0.0,0.1388864469249984,1.3759058766335026,48.26793981481482,23.74561403508772,48.26793981481482,1614
core,pusht,transformer,test,single,all,1728,64,6.597222222222222,6.597222222222222,45,1683,4.09982174688057,block_translation_error_px,6239.167817750389,127.72013199762168,70.90740612892137,0.0,28.349742341068044,171.59464795762534,48.26793981481482,23.74561403508772,48.26793981481482,1614
core,pusht,transformer,test,single,all,1728,64,6.597222222222222,6.597222222222222,45,1683,4.09982174688057,position_error_px,6243.228512897632,308.4750170530387,251.62923947047918,2.625179718035557,123.34738304315587,432.20509787319736,48.26793981481482,23.74561403508772,48.26793981481482,1614
core,pusht,transformer,test,single,"[0, 0]",192,64,14.583333333333334,14.583333333333334,9,183,10.382513661202186,agent_position_error_px,572.7004562993849,109.2792352474853,94.6428652024403,1.3744449692085254,62.1281013900697,130.72686759912742,46.713541666666664,27.464285714285715,46.713541666666664,164
core,pusht,transformer,test,single,"[0, 0]",192,64,14.583333333333334,14.583333333333334,9,183,10.382513661202186,block_angle_error_rad,1.9991661017705358,0.21183460248803662,0.13104328001872978,0.0,0.04079618219011438,0.2699174862993827,46.713541666666664,27.464285714285715,46.713541666666664,164
core,pusht,transformer,test,single,"[0, 0]",192,64,14.583333333333334,14.583333333333334,9,183,10.382513661202186,block_translation_error_px,129.2380940535853,27.83765811241115,22.107058163351155,0.0,8.80423999786429,38.954147343663315,46.713541666666664,27.464285714285715,46.713541666666664,164
core,pusht,transformer,test,single,"[0, 0]",192,64,14.583333333333334,14.583333333333334,9,183,10.382513661202186,position_error_px,572.7045186318066,115.85439052409488,102.13782919587112,7.92585336490372,69.6056624140244,139.6112162098467,46.713541666666664,27.464285714285715,46.713541666666664,164
core,pusht,transformer,test,single,"[0, 1]",192,64,8.333333333333334,8.333333333333334,3,189,6.878306878306878,agent_position_error_px,2370.648873937135,202.97545324683756,124.33515628308834,3.4765340755034186,69.38484891834008,227.48957219384238,48.4375,31.25,48.4375,176
core,pusht,transformer,test,single,"[0, 1]",192,64,8.333333333333334,8.333333333333334,3,189,6.878306878306878,block_angle_error_rad,3.108304205625541,0.8649503414561831,0.5427026776127115,0.0,0.1635408628063748,1.3217238196287575,48.4375,31.25,48.4375,176
core,pusht,transformer,test,single,"[0, 1]",192,64,8.333333333333334,8.333333333333334,3,189,6.878306878306878,block_translation_error_px,592.9819922513547,104.66419535131304,61.15952554246468,0.0,21.639188030265256,129.1109858108111,48.4375,31.25,48.4375,176
core,pusht,transformer,test,single,"[0, 1]",192,64,8.333333333333334,8.333333333333334,3,189,6.878306878306878,position_error_px,2414.7663392424565,243.38206904843682,158.706752350986,8.251538521383983,94.63593624167346,290.276026369784,48.4375,31.25,48.4375,176
core,pusht,transformer,test,single,"[0, 2]",192,64,7.291666666666667,7.291666666666667,3,189,5.8201058201058204,agent_position_error_px,979.0188854468871,212.71661410860693,146.88073712881317,1.0498612312407638,78.61565345010845,282.9345791438778,48.557291666666664,30.214285714285715,48.557291666666664,178
core,pusht,transformer,test,single,"[0, 2]",192,64,7.291666666666667,7.291666666666667,3,189,5.8201058201058204,block_angle_error_rad,3.119604586758353,1.1502618707993044,0.8897403555237835,0.0,0.2472395095705905,1.9524896429181628,48.557291666666664,30.214285714285715,48.557291666666664,178
core,pusht,transformer,test,single,"[0, 2]",192,64,7.291666666666667,7.291666666666667,3,189,5.8201058201058204,block_translation_error_px,505.3713060021282,146.79886125306152,95.69513538397294,0.0,30.500761995830654,256.23767076376646,48.557291666666664,30.214285714285715,48.557291666666664,178
core,pusht,transformer,test,single,"[0, 2]",192,64,7.291666666666667,7.291666666666667,3,189,5.8201058201058204,position_error_px,1043.3575654781782,277.28073981092194,223.198015769587,2.625179718035557,118.47788582310092,406.2405975389837,48.557291666666664,30.214285714285715,48.557291666666664,178
core,pusht,transformer,test,single,"[1, 0]",192,64,8.854166666666666,8.854166666666666,9,183,4.371584699453552,agent_position_error_px,1078.5296256753684,231.9195570898747,196.53873358893009,10.892798030821808,83.87575115797486,352.7099668028587,47.119791666666664,17.470588235294116,47.119791666666664,175
core,pusht,transformer,test,single,"[1, 0]",192,64,8.854166666666666,8.854166666666666,9,183,4.371584699453552,block_angle_error_rad,2.8888668359521974,0.524757646714238,0.3409045412456737,0.0,0.11614602216270398,0.7550719359752548,47.119791666666664,17.470588235294116,47.119791666666664,175
core,pusht,transformer,test,single,"[1, 0]",192,64,8.854166666666666,8.854166666666666,9,183,4.371584699453552,block_translation_error_px,233.40888893395012,68.64746035219406,62.882993557732384,0.0,26.050411105101702,99.1946149133488,47.119791666666664,17.470588235294116,47.119791666666664,175
core,pusht,transformer,test,single,"[1, 0]",192,64,8.854166666666666,8.854166666666666,9,183,4.371584699453552,position_error_px,1086.9075305969861,253.14754094527936,228.54834122544665,12.192054408009652,130.70396952806783,356.754506291868,47.119791666666664,17.470588235294116,47.119791666666664,175
core,pusht,transformer,test,single,"[1, 1]",192,64,3.6458333333333335,3.6458333333333335,3,189,2.1164021164021163,agent_position_error_px,1366.419813642831,310.3884015701227,255.16227596222177,5.1766550291455244,147.47795563378705,430.45242868582955,49.125,26.0,49.125,185
core,pusht,transformer,test,single,"[1, 1]",192,64,3.6458333333333335,3.6458333333333335,3,189,2.1164021164021163,block_angle_error_rad,3.137780689983696,1.0440667047125436,0.769703687433525,0.0,0.21321848067042093,1.8699810182524637,49.125,26.0,49.125,185
core,pusht,transformer,test,single,"[1, 1]",192,64,3.6458333333333335,3.6458333333333335,3,189,2.1164021164021163,block_translation_error_px,1552.7683085159172,182.53682925227557,142.8771658564473,0.0,62.48495896141213,293.26938365999104,49.125,26.0,49.125,185
core,pusht,transformer,test,single,"[1, 1]",192,64,3.6458333333333335,3.6458333333333335,3,189,2.1164021164021163,position_error_px,1555.1317318153974,387.66746540036246,357.42709904893843,11.781127929069106,229.8547863322304,514.3324686250212,49.125,26.0,49.125,185
core,pusht,transformer,test,single,"[1, 2]",192,64,3.6458333333333335,3.6458333333333335,3,189,2.1164021164021163,agent_position_error_px,1712.1446417294671,303.87398208802614,248.87951069814378,12.376349091035861,149.57779335403342,413.4950094999826,48.921875,20.428571428571427,48.921875,185
core,pusht,transformer,test,single,"[1, 2]",192,64,3.6458333333333335,3.6458333333333335,3,189,2.1164021164021163,block_angle_error_rad,3.1406421769374173,1.2184817835065167,1.0379945738774472,0.0,0.43650580221151924,1.9088091136283154,48.921875,20.428571428571427,48.921875,185
core,pusht,transformer,test,single,"[1, 2]",192,64,3.6458333333333335,3.6458333333333335,3,189,2.1164021164021163,block_translation_error_px,6239.167817750389,238.6519208269394,191.30381153102343,0.0,68.36982447225299,333.72081299664234,48.921875,20.428571428571427,48.921875,185
core,pusht,transformer,test,single,"[1, 2]",192,64,3.6458333333333335,3.6458333333333335,3,189,2.1164021164021163,position_error_px,6243.228512897632,425.4313909435727,386.8692938284854,12.700531133820295,232.92253991975434,528.9103738322818,48.921875,20.428571428571427,48.921875,185
core,pusht,transformer,test,single,"[2, 0]",192,64,8.333333333333334,8.333333333333334,9,183,3.8251366120218577,agent_position_error_px,969.659338377812,327.8865857280493,258.2847351616589,5.4063475161630405,110.65033289296724,508.9038861599158,47.234375,16.8125,47.234375,176
core,pusht,transformer,test,single,"[2, 0]",192,64,8.333333333333334,8.333333333333334,9,183,3.8251366120218577,block_angle_error_rad,2.044072172229816,0.4122284401909175,0.2815482449468081,0.0,0.08333276399168987,0.5274758575621495,47.234375,16.8125,47.234375,176
core,pusht,transformer,test,single,"[2, 0]",192,64,8.333333333333334,8.333333333333334,9,183,3.8251366120218577,block_translation_error_px,211.6032043075353,53.33898721888365,45.865982532469786,0.0,20.1832518145545,73.1712225914864,47.234375,16.8125,47.234375,176
core,pusht,transformer,test,single,"[2, 0]",192,64,8.333333333333334,8.333333333333334,9,183,3.8251366120218577,position_error_px,971.1536107998504,338.9442104802852,269.4690542581926,9.980418950618622,127.50917096339278,524.5249323804119,47.234375,16.8125,47.234375,176
core,pusht,transformer,test,single,"[2, 1]",192,64,2.6041666666666665,2.6041666666666665,3,189,1.0582010582010581,agent_position_error_px,1054.3331510625947,288.6483612228465,235.81688821413172,8.72933559677546,115.21640118035306,392.20522773128243,49.078125,14.6,49.078125,187
core,pusht,transformer,test,single,"[2, 1]",192,64,2.6041666666666665,2.6041666666666665,3,189,1.0582010582010581,block_angle_error_rad,3.06650248823869,0.9506498020583584,0.6453613425911935,0.0,0.12963681972684782,1.5976748898265973,49.078125,14.6,49.078125,187
core,pusht,transformer,test,single,"[2, 1]",192,64,2.6041666666666665,2.6041666666666665,3,189,1.0582010582010581,block_translation_error_px,2490.2754249042227,142.8908619086268,92.40005509280897,0.0,45.72910184666539,173.61374259928647,49.078125,14.6,49.078125,187
core,pusht,transformer,test,single,"[2, 1]",192,64,2.6041666666666665,2.6041666666666665,3,189,1.0582010582010581,position_error_px,2492.763563741103,350.73622864718203,302.87671974834086,13.125017254524582,173.06544092010296,451.71444892135537,49.078125,14.6,49.078125,187
core,pusht,transformer,test,single,"[2, 2]",192,64,2.0833333333333335,2.0833333333333335,3,189,0.5291005291005291,agent_position_error_px,936.4497885496315,300.10319466229686,248.92276162622056,4.640293171160683,140.5346601805453,425.6382274148285,49.223958333333336,12.75,49.223958333333336,188
core,pusht,transformer,test,single,"[2, 2]",192,64,2.0833333333333335,2.0833333333333335,3,189,0.5291005291005291,block_angle_error_rad,3.125559584292608,1.2379846192707074,1.0347802597798768,0.0,0.25005986577136463,2.0226736621048964,49.223958333333336,12.75,49.223958333333336,188
core,pusht,transformer,test,single,"[2, 2]",192,64,2.0833333333333335,2.0833333333333335,3,189,0.5291005291005291,block_translation_error_px,587.1129545198626,184.11441370289,138.99257767855255,0.0,52.04065290680383,317.22514599555,49.223958333333336,12.75,49.223958333333336,188
core,pusht,transformer,test,single,"[2, 2]",192,64,2.0833333333333335,2.0833333333333335,3,189,0.5291005291005291,position_error_px,1064.3056640783325,383.83111767721306,378.31909690552703,13.467801012692046,235.1882252979786,516.1927828865321,49.223958333333336,12.75,49.223958333333336,188
core,reacher,transformer,extrapolation,factorized,all,576,64,19.618055555555557,19.618055555555557,0,576,19.618055555555557,wrapped_joint_error_rad,4.0279429682394,0.8874643906707692,0.7258097616854366,0.006390909380637295,0.21255378353148563,1.4020684634742357,46.732638888888886,33.34513274336283,46.732638888888886,463
core,reacher,transformer,extrapolation,factorized,"[0, 3]",192,64,38.541666666666664,38.541666666666664,0,192,38.541666666666664,wrapped_joint_error_rad,0.83968693940356,0.23254494859097488,0.20389080376564844,0.006630755586000137,0.04733714815176968,0.37300655776084435,43.234375,32.445945945945944,43.234375,118
core,reacher,transformer,extrapolation,factorized,"[3, 0]",192,64,10.9375,10.9375,0,192,10.9375,wrapped_joint_error_rad,4.0279429682394,1.194794019898234,1.1163030290824387,0.006390909380637295,0.6562623951562312,1.7054123748994265,48.473958333333336,36.04761904761905,48.473958333333336,171
core,reacher,transformer,extrapolation,factorized,"[3, 3]",192,64,9.375,9.375,0,192,9.375,wrapped_joint_error_rad,3.2818888426957673,1.2350542035230987,1.2064662375275859,0.012502305744884628,0.7321238982192009,1.7736380697710055,48.489583333333336,33.888888888888886,48.489583333333336,174
core,reacher,transformer,extrapolation,factorized_unpaired,all,576,64,20.833333333333332,20.833333333333332,0,576,20.833333333333332,wrapped_joint_error_rad,3.775322476596958,1.011497876764192,0.7748150316919431,0.004984131645509561,0.19331887832816963,1.6853271902585227,46.80034722222222,34.641666666666666,46.80034722222222,456
core,reacher,transformer,extrapolation,factorized_unpaired,"[0, 3]",192,64,44.791666666666664,44.791666666666664,0,192,44.791666666666664,wrapped_joint_error_rad,1.0127509958397296,0.22686518555036447,0.14631949179124631,0.009528180106673504,0.04451021471949746,0.3801688782332937,43.65625,35.83720930232558,43.65625,106
core,reacher,transformer,extrapolation,factorized_unpaired,"[3, 0]",192,64,7.291666666666667,7.291666666666667,0,192,7.291666666666667,wrapped_joint_error_rad,3.775322476596958,1.436243639787411,1.2641957662441807,0.013249541919355816,0.7770564352734926,2.1113076007619123,48.682291666666664,31.928571428571427,48.682291666666664,178
core,reacher,transformer,extrapolation,factorized_unpaired,"[3, 3]",192,64,10.416666666666666,10.416666666666666,0,192,10.416666666666666,wrapped_joint_error_rad,3.736624311849861,1.3713848049548005,1.4126507464944358,0.004984131645509561,0.7568262212328825,1.9339872072311524,48.0625,31.4,48.0625,172
core,reacher,transformer,extrapolation,framewise,all,576,64,21.180555555555557,21.180555555555557,0,576,21.180555555555557,wrapped_joint_error_rad,4.065802044751222,0.965216382637184,0.668578529319606,0.001725729016839627,0.18252204612759665,1.4914092993483337,46.48090277777778,33.385245901639344,46.48090277777778,454
core,reacher,transformer,extrapolation,framewise,"[0, 3]",192,64,42.1875,42.1875,0,192,42.1875,wrapped_joint_error_rad,2.0253611366693063,0.2457331129771081,0.15773735987170295,0.008792397006225909,0.04138295656591702,0.39220987760480397,43.791666666666664,35.28395061728395,43.791666666666664,111
core,reacher,transformer,extrapolation,framewise,"[3, 0]",192,64,12.5,12.5,0,192,12.5,wrapped_joint_error_rad,4.065802044751222,1.3116157581317631,1.2690790653179445,0.001725729016839627,0.604907885879858,1.8976857987755418,47.578125,30.625,47.578125,168
core,reacher,transformer,extrapolation,framewise,"[3, 3]",192,64,8.854166666666666,8.854166666666666,0,192,8.854166666666666,wrapped_joint_error_rad,3.788870838875014,1.3383002768026813,1.1783199087463863,0.019181838731255566,0.66405978894954,1.8243048548429062,48.072916666666664,28.235294117647058,48.072916666666664,175
core,reacher,transformer,extrapolation,frozen,all,192,64,17.708333333333332,17.708333333333332,0,192,17.708333333333332,wrapped_joint_error_rad,3.7951106407915174,1.222382782782278,1.0384935438982708,0.005547787356609363,0.33952553990334133,2.0190931058306485,46.572916666666664,30.647058823529413,46.572916666666664,158
core,reacher,transformer,extrapolation,frozen,"[0, 3]",64,64,39.0625,39.0625,0,64,39.0625,wrapped_joint_error_rad,0.8218316036150413,0.26465290925714346,0.24385275538530254,0.005547787356609363,0.048952984117535736,0.44665958598327726,43.359375,33.0,43.359375,39
core,reacher,transformer,extrapolation,frozen,"[3, 0]",64,64,7.8125,7.8125,0,64,7.8125,wrapped_joint_error_rad,3.6095728204571293,1.6721505937556302,1.6528968883658943,0.022199064373640116,1.024630653888346,2.233373194296894,47.9375,23.6,47.9375,59
core,reacher,transformer,extrapolation,frozen,"[3, 3]",64,64,6.25,6.25,0,64,6.25,wrapped_joint_error_rad,3.7951106407915174,1.7303448453340597,1.6717183184046496,0.01656364065793043,1.0715461750687014,2.2604763760608106,48.421875,24.75,48.421875,60
core,reacher,transformer,extrapolation,plain,all,576,64,19.96527777777778,19.96527777777778,0,576,19.96527777777778,wrapped_joint_error_rad,3.760451534111809,0.9690109196652474,0.7627253840972963,0.004550955460134269,0.20770155571763432,1.5158795751256782,46.244791666666664,31.191304347826087,46.244791666666664,461
core,reacher,transformer,extrapolation,plain,"[0, 3]",192,64,43.229166666666664,43.229166666666664,0,192,43.229166666666664,wrapped_joint_error_rad,0.919997403405075,0.2082446391120806,0.13881648107194855,0.005983881016954564,0.04598920497051417,0.31156765025980204,42.885416666666664,33.54216867469879,42.885416666666664,109
core,reacher,transformer,extrapolation,plain,"[3, 0]",192,64,8.854166666666666,8.854166666666666,0,192,8.854166666666666,wrapped_joint_error_rad,3.449911633817912,1.3062792919790194,1.2584328477700883,0.004550955460134269,0.6503689854989487,1.8819090267019467,47.838541666666664,25.58823529411765,47.838541666666664,175
core,reacher,transformer,extrapolation,plain,"[3, 3]",192,64,7.8125,7.8125,0,192,7.8125,wrapped_joint_error_rad,3.760451534111809,1.3925088279046427,1.279899830738119,0.014132068512751226,0.8387740764256438,2.0566675390561326,48.010416666666664,24.533333333333335,48.010416666666664,177
core,reacher,transformer,extrapolation,single,all,576,64,16.84027777777778,16.84027777777778,0,576,16.84027777777778,wrapped_joint_error_rad,3.70358535941492,1.03845310496418,0.8053949378320822,0.005325243035115049,0.2657674624489871,1.5919999412175647,47.52430555555556,35.29896907216495,47.52430555555556,479
core,reacher,transformer,extrapolation,single,"[0, 3]",192,64,39.0625,39.0625,0,192,39.0625,wrapped_joint_error_rad,1.0021550462906026,0.24968243191760067,0.20355970770448206,0.010069066411526406,0.046986445447135594,0.4048147323263125,45.015625,37.24,45.015625,117
core,reacher,transformer,extrapolation,single,"[3, 0]",192,64,5.729166666666667,5.729166666666667,0,192,5.729166666666667,wrapped_joint_error_rad,3.70358535941492,1.4422030991995278,1.3343677649278818,0.02430965859679547,0.7878311110366165,2.047041274209271,48.895833333333336,30.727272727272727,48.895833333333336,181
core,reacher,transformer,extrapolation,single,"[3, 3]",192,64,5.729166666666667,5.729166666666667,0,192,5.729166666666667,wrapped_joint_error_rad,3.329430419452824,1.4234737837754114,1.4354316895894592,0.005325243035115049,0.8024466911558458,1.9737624002190048,48.661458333333336,26.636363636363637,48.661458333333336,181
core,reacher,transformer,test,factorized,all,1728,64,38.94675925925926,38.94675925925926,0,1728,38.94675925925926,wrapped_joint_error_rad,3.087580981750469,0.3204225025120448,0.22018524921406302,0.0021813692910033146,0.04734785816675354,0.46854895083249193,43.38194444444444,33.007429420505204,43.38194444444444,1055
core,reacher,transformer,test,factorized,"[0, 0]",192,64,43.75,43.75,0,192,43.75,wrapped_joint_error_rad,0.8696100086589869,0.21172115972210995,0.11031200909227581,0.009550016440720706,0.04540088664093024,0.35860485085475297,42.182291666666664,32.13095238095238,42.182291666666664,108
core,reacher,transformer,test,factorized,"[0, 1]",192,64,46.875,46.875,0,192,46.875,wrapped_joint_error_rad,0.7625093149261415,0.21477621392696422,0.15327910745486156,0.004215867673571652,0.04414964875891439,0.3471450201756203,42.661458333333336,34.34444444444444,42.661458333333336,102
core,reacher,transformer,test,factorized,"[0, 2]",192,64,45.833333333333336,45.833333333333336,0,192,45.833333333333336,wrapped_joint_error_rad,0.8758507996257086,0.22062391670719136,0.12263073156986093,0.0052598590384859084,0.043595333262850186,0.3768546684540999,42.911458333333336,34.53409090909091,42.911458333333336,104
core,reacher,transformer,test,factorized,"[1, 0]",192,64,32.8125,32.8125,0,192,32.8125,wrapped_joint_error_rad,3.087580981750469,0.49196475373243603,0.3680170099507095,0.0021813692910033146,0.05284291483539373,0.7521289481957281,44.208333333333336,32.34920634920635,44.208333333333336,129
core,reacher,transformer,test,factorized,"[1, 1]",192,64,26.5625,26.5625,0,192,26.5625,wrapped_joint_error_rad,2.3436171774109855,0.5103434494997762,0.35871041945895443,0.005251739018552789,0.0632159483567428,0.7159798263336268,45.369791666666664,32.568627450980394,45.369791666666664,141
core,reacher,transformer,test,factorized,"[1, 2]",192,64,26.5625,26.5625,0,192,26.5625,wrapped_joint_error_rad,2.5442320246054044,0.5025997336425297,0.3653712916382055,0.014627490820744899,0.061767062674945805,0.7627193114762767,45.208333333333336,31.96078431372549,45.208333333333336,141
core,reacher,transformer,test,factorized,"[2, 0]",192,64,42.1875,42.1875,0,192,42.1875,wrapped_joint_error_rad,0.8702435670657411,0.23705125153389772,0.18519169521022627,0.011274225327339045,0.04645853267712758,0.38252154078563483,42.291666666666664,31.728395061728396,42.291666666666664,111
core,reacher,transformer,test,factorized,"[2, 1]",192,64,45.3125,45.3125,0,192,45.3125,wrapped_joint_error_rad,1.0522849649586319,0.23932207276376208,0.161554393213027,0.005516798766008763,0.04382813887019064,0.4060049894147531,42.510416666666664,33.47126436781609,42.510416666666664,105
core,reacher,transformer,test,factorized,"[2, 2]",192,64,40.625,40.625,0,192,40.625,wrapped_joint_error_rad,1.4114893871985486,0.2553999710797361,0.1966162950706149,0.0036386740805609843,0.04538623785817217,0.41349659322802584,43.09375,33.0,43.09375,114
core,reacher,transformer,test,factorized_unpaired,all,1728,64,35.3587962962963,35.3587962962963,0,1728,35.3587962962963,wrapped_joint_error_rad,3.0452937818007624,0.37299874294383434,0.27817790568005013,0.002764330781366682,0.04845412734885207,0.5576374408379128,44.33506944444444,33.97872340425532,44.33506944444444,1117
core,reacher,transformer,test,factorized_unpaired,"[0, 0]",192,64,38.020833333333336,38.020833333333336,0,192,38.020833333333336,wrapped_joint_error_rad,0.8787733960792851,0.2568885457583336,0.21067844634280183,0.014185334996022102,0.04584930966896518,0.43115099302578436,43.651041666666664,33.3013698630137,43.651041666666664,119
core,reacher,transformer,test,factorized_unpaired,"[0, 1]",192,64,50.0,50.0,0,192,50.0,wrapped_joint_error_rad,0.8886364495812819,0.19276944110525787,0.06446957027989664,0.002764330781366682,0.04024464432326725,0.29799016569125414,42.770833333333336,35.541666666666664,42.770833333333336,96
core,reacher,transformer,test,factorized_unpaired,"[0, 2]",192,64,43.75,43.75,0,192,43.75,wrapped_joint_error_rad,0.9195836925343268,0.23736495143477945,0.1795352424153029,0.003935389644137633,0.043191118938258624,0.3818198444444187,42.96875,33.92857142857143,42.96875,108
core,reacher,transformer,test,factorized_unpaired,"[1, 0]",192,64,20.3125,20.3125,0,192,20.3125,wrapped_joint_error_rad,2.773936226622393,0.6618302191585073,0.6122199331433992,0.01137899902407868,0.3219168406534097,0.9590549106686727,46.067708333333336,30.641025641025642,46.067708333333336,153
core,reacher,transformer,test,factorized_unpaired,"[1, 1]",192,64,23.4375,23.4375,0,192,23.4375,wrapped_joint_error_rad,3.0452937818007624,0.6050892736629865,0.5198494574394624,0.011417207922633857,0.1216264561809261,0.9514076787916078,45.96875,32.8,45.96875,147
core,reacher,transformer,test,factorized_unpaired,"[1, 2]",192,64,24.479166666666668,24.479166666666668,0,192,24.479166666666668,wrapped_joint_error_rad,2.92304386312805,0.5862072410021409,0.49882218363480735,0.014700855613750998,0.06337397945220868,0.9268124577636209,45.875,33.148936170212764,45.875,145
core,reacher,transformer,test,factorized_unpaired,"[2, 0]",192,64,45.3125,45.3125,0,192,45.3125,wrapped_joint_error_rad,1.1447361744461535,0.23887523156459958,0.15752226504655775,0.005914197346433241,0.04348991595083615,0.36746577789543633,43.0,34.55172413793103,43.0,105
core,reacher,transformer,test,factorized_unpaired,"[2, 1]",192,64,38.020833333333336,38.020833333333336,0,192,38.020833333333336,wrapped_joint_error_rad,1.3589905161382616,0.2756682718649431,0.24597883923903607,0.0029059839291162262,0.04675196476534477,0.3970837199110244,44.880208333333336,36.534246575342465,44.880208333333336,119
core,reacher,transformer,test,factorized_unpaired,"[2, 2]",192,64,34.895833333333336,34.895833333333336,0,192,34.895833333333336,wrapped_joint_error_rad,1.127148406819092,0.3022955109429611,0.2724855338918241,0.010049898180030123,0.051746542420630995,0.482918040122364,43.833333333333336,32.32835820895522,43.833333333333336,125
core,reacher,transformer,test,framewise,all,1728,64,38.94675925925926,38.94675925925926,0,1728,38.94675925925926,wrapped_joint_error_rad,1.7519210692753198,0.2852832797355107,0.22818633963136065,0.0015625114967005587,0.0470038864406672,0.4574070413887147,43.682291666666664,33.77860326894502,43.682291666666664,1055
core,reacher,transformer,test,framewise,"[0, 0]",192,64,42.708333333333336,42.708333333333336,0,192,42.708333333333336,wrapped_joint_error_rad,1.7519210692753198,0.2859146169579949,0.22105904682550126,0.011185943229978103,0.045550480961935355,0.46235742843573546,42.755208333333336,33.03658536585366,42.755208333333336,110
core,reacher,transformer,test,framewise,"[0, 1]",192,64,34.895833333333336,34.895833333333336,0,192,34.895833333333336,wrapped_joint_error_rad,1.55208840002123,0.272789032748921,0.2526200332691262,0.0015625114967005587,0.04834770925220708,0.39625675308859387,43.875,32.44776119402985,43.875,125
core,reacher,transformer,test,framewise,"[0, 2]",192,64,38.541666666666664,38.541666666666664,0,192,38.541666666666664,wrapped_joint_error_rad,1.5594964166488277,0.2641100905826246,0.20265178295843328,0.00931249404211563,0.048505295551364305,0.4206006546896605,43.838541666666664,34.013513513513516,43.838541666666664,118
core,reacher,transformer,test,framewise,"[1, 0]",192,64,41.666666666666664,41.666666666666664,0,192,41.666666666666664,wrapped_joint_error_rad,1.6545285552139573,0.30671244289426114,0.2374329602211705,0.006809266532545999,0.04115654642670319,0.507061677922169,42.8125,32.75,42.8125,112
core,reacher,transformer,test,framewise,"[1, 1]",192,64,36.979166666666664,36.979166666666664,0,192,36.979166666666664,wrapped_joint_error_rad,1.6901802229907166,0.3092131961266509,0.26828017387809633,0.006573674164341015,0.05014414789469608,0.48266039147926904,44.427083333333336,34.929577464788736,44.427083333333336,121
core,reacher,transformer,test,framewise,"[1, 2]",192,64,36.979166666666664,36.979166666666664,0,192,36.979166666666664,wrapped_joint_error_rad,1.3936918012947839,0.3037722219753282,0.26711114185891927,0.00936070913649596,0.04836861421047721,0.5041758085569263,43.833333333333336,33.32394366197183,43.833333333333336,121
core,reacher,transformer,test,framewise,"[2, 0]",192,64,38.541666666666664,38.541666666666664,0,192,38.541666666666664,wrapped_joint_error_rad,1.526879613631053,0.2601732980036371,0.1835106468089432,0.0016234518767984543,0.046620459349636344,0.3928564546802818,43.411458333333336,32.9054054054054,43.411458333333336,118
core,reacher,transformer,test,framewise,"[2, 1]",192,64,37.5,37.5,0,192,37.5,wrapped_joint_error_rad,1.3044623842484815,0.2883290418060839,0.2733855650535971,0.005497053976696188,0.047122258052921674,0.45824590134026555,44.609375,35.625,44.609375,120
core,reacher,transformer,test,framewise,"[2, 2]",192,64,42.708333333333336,42.708333333333336,0,192,42.708333333333336,wrapped_joint_error_rad,1.3240761185799574,0.27653557652409466,0.19743916664110062,0.007999550256418943,0.04729551700015207,0.4528527456471303,43.578125,34.96341463414634,43.578125,110
core,reacher,transformer,test,frozen,all,576,64,32.986111111111114,32.986111111111114,0,576,32.986111111111114,wrapped_joint_error_rad,2.518553011788307,0.40742136400538254,0.28913196472475,0.0015557764637197501,0.051019567842978376,0.5188864184138223,44.42881944444444,33.11052631578947,44.42881944444444,386
core,reacher,transformer,test,frozen,"[0, 0]",64,64,48.4375,48.4375,0,64,48.4375,wrapped_joint_error_rad,1.14044111783786,0.20947829107039728,0.16982243664793528,0.008740716130466758,0.047370545672651025,0.328197910287034,41.875,33.225806451612904,41.875,33
core,reacher,transformer,test,frozen,"[0, 1]",64,64,42.1875,42.1875,0,64,42.1875,wrapped_joint_error_rad,0.6269430332874236,0.2065245188505569,0.1713577298286664,0.0015557764637197501,0.043242243286953086,0.3568112607203576,44.21875,36.2962962962963,44.21875,37
core,reacher,transformer,test,frozen,"[0, 2]",64,64,42.1875,42.1875,0,64,42.1875,wrapped_joint_error_rad,0.7868825328744472,0.23038667655963613,0.20781350354780118,0.006876872846018359,0.04966040444830583,0.3957095431557137,43.234375,33.96296296296296,43.234375,37
core,reacher,transformer,test,frozen,"[1, 0]",64,64,18.75,18.75,0,64,18.75,wrapped_joint_error_rad,2.3664455561884967,0.785333435520157,0.6442496186102389,0.025848732963196355,0.36652976925251207,1.1524422347418968,46.40625,30.833333333333332,46.40625,52
core,reacher,transformer,test,frozen,"[1, 1]",64,64,21.875,21.875,0,64,21.875,wrapped_joint_error_rad,2.518553011788307,0.7333905613858,0.6270382651841968,0.012420799579226132,0.21377954290970175,1.0732446677755125,45.609375,29.928571428571427,45.609375,50
core,reacher,transformer,test,frozen,"[1, 2]",64,64,21.875,21.875,0,64,21.875,wrapped_joint_error_rad,2.441960817913975,0.7543464784628238,0.6228788945410018,0.012068595855605905,0.2312197857465794,1.0325943054755042,45.34375,28.714285714285715,45.34375,50
core,reacher,transformer,test,frozen,"[2, 0]",64,64,25.0,25.0,0,64,25.0,wrapped_joint_error_rad,0.6866062262047594,0.27739091471628596,0.27878856750750364,0.0029876553030019856,0.1083613165224891,0.42193654366062205,46.15625,34.625,46.15625,48
core,reacher,transformer,test,frozen,"[2, 1]",64,64,40.625,40.625,0,64,40.625,wrapped_joint_error_rad,0.7278495827433944,0.21134966481777603,0.13981995554897242,0.0047921528238259545,0.04639431628698956,0.37201211094642883,42.796875,32.26923076923077,42.796875,38
core,reacher,transformer,test,frozen,"[2, 2]",64,64,35.9375,35.9375,0,64,35.9375,wrapped_joint_error_rad,0.7138167308277628,0.25859173466500984,0.2505425824888198,0.01799201796242679,0.049647261042506594,0.44530302873669525,44.21875,33.91304347826087,44.21875,41
core,reacher,transformer,test,plain,all,1728,64,36.9212962962963,36.9212962962963,0,1728,36.9212962962963,wrapped_joint_error_rad,3.151136958278365,0.39554640116416356,0.2527920148842484,0.00039403942700903127,0.047949275342593634,0.5081402047030799,44.0931712962963,34.00156739811912,44.0931712962963,1090
core,reacher,transformer,test,plain,"[0, 0]",192,64,44.791666666666664,44.791666666666664,0,192,44.791666666666664,wrapped_joint_error_rad,0.8057739047315002,0.21678124371622212,0.16587135486078514,0.00039403942700903127,0.0441696184313389,0.3629006725077135,44.276041666666664,37.22093023255814,44.276041666666664,106
core,reacher,transformer,test,plain,"[0, 1]",192,64,45.833333333333336,45.833333333333336,0,192,45.833333333333336,wrapped_joint_error_rad,1.043729864089226,0.21848155181282194,0.1398790190288234,0.0019269324007233708,0.04565708157709114,0.35967182029135936,42.958333333333336,34.63636363636363,42.958333333333336,104
core,reacher,transformer,test,plain,"[0, 2]",192,64,45.833333333333336,45.833333333333336,0,192,45.833333333333336,wrapped_joint_error_rad,0.8515533119747266,0.21727884135558914,0.15777851769967077,0.005027846591320258,0.04376105787457783,0.3434506351742012,42.5,33.63636363636363,42.5,104
core,reacher,transformer,test,plain,"[1, 0]",192,64,28.645833333333332,28.645833333333332,0,192,28.645833333333332,wrapped_joint_error_rad,3.151136958278365,0.679210343015647,0.46685846359366634,0.006390205494381593,0.05520933645258472,0.8502311993124891,45.114583333333336,32.945454545454545,45.114583333333336,137
core,reacher,transformer,test,plain,"[1, 1]",192,64,23.4375,23.4375,0,192,23.4375,wrapped_joint_error_rad,3.079354861392471,0.6996858010560082,0.46879927854428133,0.004113096213194623,0.10226143594450877,0.9361975472150242,46.005208333333336,32.955555555555556,46.005208333333336,147
core,reacher,transformer,test,plain,"[1, 2]",192,64,23.958333333333332,23.958333333333332,0,192,23.958333333333332,wrapped_joint_error_rad,2.875522416084338,0.6941201748454336,0.46435333433985404,0.005631306784068163,0.16955372418525977,0.9123194730928768,45.682291666666664,31.97826086956522,45.682291666666664,146
core,reacher,transformer,test,plain,"[2, 0]",192,64,38.541666666666664,38.541666666666664,0,192,38.541666666666664,wrapped_joint_error_rad,1.5893657723641157,0.29029692592809386,0.21435907402874443,0.0013136206709476713,0.04360043547645219,0.4804316315872782,44.119791666666664,34.74324324324324,44.119791666666664,118
core,reacher,transformer,test,plain,"[2, 1]",192,64,39.583333333333336,39.583333333333336,0,192,39.583333333333336,wrapped_joint_error_rad,1.339775916238783,0.2826692371779294,0.21375653928202953,0.012822486447128547,0.04527561483069333,0.4405231687452562,42.942708333333336,32.171052631578945,42.942708333333336,116
core,reacher,transformer,test,plain,"[2, 2]",192,64,41.666666666666664,41.666666666666664,0,192,41.666666666666664,wrapped_joint_error_rad,1.6988470500371662,0.26139349156972685,0.15824029101335582,0.005875577833377302,0.04772421203910742,0.4215165638820474,43.239583333333336,33.775,43.239583333333336,112
core,reacher,transformer,test,single,all,1728,64,31.13425925925926,31.13425925925926,0,1728,31.13425925925926,wrapped_joint_error_rad,2.595494785238905,0.4234770722603861,0.32127090055019925,0.0016474288944090514,0.05319905089260782,0.6009519188106479,45.10011574074074,34.262081784386616,45.10011574074074,1190
core,reacher,transformer,test,single,"[0, 0]",192,64,40.104166666666664,40.104166666666664,0,192,40.104166666666664,wrapped_joint_error_rad,0.9510263518744178,0.23509832157157917,0.1728938051119584,0.004785118709559158,0.042380302823021646,0.37696194152301454,43.385416666666664,33.506493506493506,43.385416666666664,115
core,reacher,transformer,test,single,"[0, 1]",192,64,45.833333333333336,45.833333333333336,0,192,45.833333333333336,wrapped_joint_error_rad,0.9611966471216333,0.1937329591417293,0.10797998557736624,0.00668178619658544,0.04425480980761717,0.3020219843708417,43.223958333333336,35.21590909090909,43.223958333333336,104
core,reacher,transformer,test,single,"[0, 2]",192,64,38.541666666666664,38.541666666666664,0,192,38.541666666666664,wrapped_joint_error_rad,0.8164242586967848,0.24808426364764471,0.20931552167622164,0.011318982537878218,0.04871463713663244,0.3962751527493791,43.692708333333336,33.63513513513514,43.692708333333336,118
core,reacher,transformer,test,single,"[1, 0]",192,64,14.0625,14.0625,0,192,14.0625,wrapped_joint_error_rad,2.5084554223951736,0.7768065622310992,0.6916118548056596,0.00895724846891822,0.3859978276651079,1.1409161277358635,48.0,35.77777777777778,48.0,165
core,reacher,transformer,test,single,"[1, 1]",192,64,15.104166666666666,15.104166666666666,0,192,15.104166666666666,wrapped_joint_error_rad,2.4370939483595317,0.7496349578952645,0.7042357945906756,0.020215478282108845,0.37412831410192926,1.080801547510222,47.369791666666664,32.58620689655172,47.369791666666664,163
core,reacher,transformer,test,single,"[1, 2]",192,64,12.5,12.5,0,192,12.5,wrapped_joint_error_rad,2.595494785238905,0.7505381845214097,0.6956240435901204,0.009949480826580388,0.35708967461377844,1.152098911267366,47.708333333333336,31.666666666666668,47.708333333333336,168
core,reacher,transformer,test,single,"[2, 0]",192,64,35.416666666666664,35.416666666666664,0,192,35.416666666666664,wrapped_joint_error_rad,1.3250734026313555,0.30112745153836246,0.25268599464602126,0.008608515680087914,0.052580297980980954,0.4972350814313839,44.473958333333336,34.39705882352941,44.473958333333336,124
core,reacher,transformer,test,single,"[2, 1]",192,64,42.1875,42.1875,0,192,42.1875,wrapped_joint_error_rad,0.9983712169278508,0.2701365286755924,0.20874127821825847,0.007990344909529453,0.0459554380660352,0.4578007138886976,44.09375,36.0,44.09375,111
core,reacher,transformer,test,single,"[2, 2]",192,64,36.458333333333336,36.458333333333336,0,192,36.458333333333336,wrapped_joint_error_rad,1.2668809074269989,0.2861344211207935,0.25483354168079186,0.0016474288944090514,0.04701154398144205,0.46677949957909715,43.953125,33.41428571428571,43.953125,122
original,drone,gru,development,constant_dynamics,all,24,8,29.166666666666668,29.166666666666668,0,24,29.166666666666668,altitude_error_mm,0.10261585312820731,0.034953397855812716,0.027228645434751453,0.00038706291105583546,0.013643870077573172,0.04584496877535482,156.83333333333334,69.71428571428571,162.0,17
original,drone,gru,development,constant_dynamics,all,24,8,29.166666666666668,29.166666666666668,0,24,29.166666666666668,goal_distance_mm,590.8578311837764,283.3006981787533,343.2870998676484,3.8068296795121563,36.375508402621215,390.30151075803786,156.83333333333334,69.71428571428571,162.0,17
original,drone,gru,development,constant_dynamics,all,24,8,29.166666666666668,29.166666666666668,0,24,29.166666666666668,speed_mm_s,98.38922205682012,53.059550590674384,51.71159941265576,16.379275281784516,42.53774505333993,61.93864846238397,156.83333333333334,69.71428571428571,162.0,17
original,drone,gru,development,constant_dynamics,"[1, 1]",24,8,29.166666666666668,29.166666666666668,0,24,29.166666666666668,altitude_error_mm,0.10261585312820731,0.034953397855812716,0.027228645434751453,0.00038706291105583546,0.013643870077573172,0.04584496877535482,156.83333333333334,69.71428571428571,162.0,17
original,drone,gru,development,constant_dynamics,"[1, 1]",24,8,29.166666666666668,29.166666666666668,0,24,29.166666666666668,goal_distance_mm,590.8578311837764,283.3006981787533,343.2870998676484,3.8068296795121563,36.375508402621215,390.30151075803786,156.83333333333334,69.71428571428571,162.0,17
original,drone,gru,development,constant_dynamics,"[1, 1]",24,8,29.166666666666668,29.166666666666668,0,24,29.166666666666668,speed_mm_s,98.38922205682012,53.059550590674384,51.71159941265576,16.379275281784516,42.53774505333993,61.93864846238397,156.83333333333334,69.71428571428571,162.0,17
original,drone,gru,development,factorized,all,24,8,16.666666666666668,16.666666666666668,0,24,16.666666666666668,altitude_error_mm,0.09672582629682847,0.02472609396865037,0.017339171788033347,0.0009372371008176117,0.0067114061486350796,0.03264948779815868,172.04166666666666,72.0,178.66666666666666,20
original,drone,gru,development,factorized,all,24,8,16.666666666666668,16.666666666666668,0,24,16.666666666666668,goal_distance_mm,643.6593245485724,325.9772501888585,349.56964429355844,25.492724697691195,283.96030363776606,402.2720378533371,172.04166666666666,72.0,178.66666666666666,20
original,drone,gru,development,factorized,all,24,8,16.666666666666668,16.666666666666668,0,24,16.666666666666668,speed_mm_s,141.58003817295128,60.53707099296446,54.09115713540132,24.503106876725713,42.817436998693125,74.0134042686093,172.04166666666666,72.0,178.66666666666666,20
original,drone,gru,development,factorized,"[1, 1]",24,8,16.666666666666668,16.666666666666668,0,24,16.666666666666668,altitude_error_mm,0.09672582629682847,0.02472609396865037,0.017339171788033347,0.0009372371008176117,0.0067114061486350796,0.03264948779815868,172.04166666666666,72.0,178.66666666666666,20
original,drone,gru,development,factorized,"[1, 1]",24,8,16.666666666666668,16.666666666666668,0,24,16.666666666666668,goal_distance_mm,643.6593245485724,325.9772501888585,349.56964429355844,25.492724697691195,283.96030363776606,402.2720378533371,172.04166666666666,72.0,178.66666666666666,20
original,drone,gru,development,factorized,"[1, 1]",24,8,16.666666666666668,16.666666666666668,0,24,16.666666666666668,speed_mm_s,141.58003817295128,60.53707099296446,54.09115713540132,24.503106876725713,42.817436998693125,74.0134042686093,172.04166666666666,72.0,178.66666666666666,20
original,drone,gru,development,framewise,all,24,8,25.0,25.0,0,24,25.0,altitude_error_mm,0.06496554312163116,0.026012295581560412,0.023574099065004628,0.0008951875940521603,0.006306631154445741,0.04109639486837846,160.875,64.16666666666667,166.04166666666666,18
original,drone,gru,development,framewise,all,24,8,25.0,25.0,0,24,25.0,goal_distance_mm,743.1715134359403,303.92017840667876,346.178387318443,28.260632563151017,186.0467030530158,399.04375972411003,160.875,64.16666666666667,166.04166666666666,18
original,drone,gru,development,framewise,all,24,8,25.0,25.0,0,24,25.0,speed_mm_s,117.62397567765359,55.818009000530175,48.61824907252251,20.75533580015463,39.05655737527335,68.31594462245758,160.875,64.16666666666667,166.04166666666666,18
original,drone,gru,development,framewise,"[1, 1]",24,8,25.0,25.0,0,24,25.0,altitude_error_mm,0.06496554312163116,0.026012295581560412,0.023574099065004628,0.0008951875940521603,0.006306631154445741,0.04109639486837846,160.875,64.16666666666667,166.04166666666666,18
original,drone,gru,development,framewise,"[1, 1]",24,8,25.0,25.0,0,24,25.0,goal_distance_mm,743.1715134359403,303.92017840667876,346.178387318443,28.260632563151017,186.0467030530158,399.04375972411003,160.875,64.16666666666667,166.04166666666666,18
original,drone,gru,development,framewise,"[1, 1]",24,8,25.0,25.0,0,24,25.0,speed_mm_s,117.62397567765359,55.818009000530175,48.61824907252251,20.75533580015463,39.05655737527335,68.31594462245758,160.875,64.16666666666667,166.04166666666666,18
original,drone,transformer,development,constant_dynamics,all,24,8,16.666666666666668,16.666666666666668,0,24,16.666666666666668,altitude_error_mm,0.1551407789801562,0.04004528671224435,0.03433499167626586,0.0004424669002300874,0.017507273299133264,0.04625264885427249,182.20833333333334,93.25,182.20833333333334,20
original,drone,transformer,development,constant_dynamics,all,24,8,16.666666666666668,16.666666666666668,0,24,16.666666666666668,goal_distance_mm,332.54429716440364,156.19477005043714,168.64202870658212,23.058858642563155,89.17544410108958,225.61944427028553,182.20833333333334,93.25,182.20833333333334,20
original,drone,transformer,development,constant_dynamics,all,24,8,16.666666666666668,16.666666666666668,0,24,16.666666666666668,speed_mm_s,119.45019141752259,58.6099423312387,62.05981351969358,9.284802395406452,42.41819141186378,71.41154326285134,182.20833333333334,93.25,182.20833333333334,20
original,drone,transformer,development,constant_dynamics,"[1, 1]",24,8,16.666666666666668,16.666666666666668,0,24,16.666666666666668,altitude_error_mm,0.1551407789801562,0.04004528671224435,0.03433499167626586,0.0004424669002300874,0.017507273299133264,0.04625264885427249,182.20833333333334,93.25,182.20833333333334,20
original,drone,transformer,development,constant_dynamics,"[1, 1]",24,8,16.666666666666668,16.666666666666668,0,24,16.666666666666668,goal_distance_mm,332.54429716440364,156.19477005043714,168.64202870658212,23.058858642563155,89.17544410108958,225.61944427028553,182.20833333333334,93.25,182.20833333333334,20
original,drone,transformer,development,constant_dynamics,"[1, 1]",24,8,16.666666666666668,16.666666666666668,0,24,16.666666666666668,speed_mm_s,119.45019141752259,58.6099423312387,62.05981351969358,9.284802395406452,42.41819141186378,71.41154326285134,182.20833333333334,93.25,182.20833333333334,20
original,drone,transformer,development,factorized,all,24,8,20.833333333333332,20.833333333333332,0,24,20.833333333333332,altitude_error_mm,0.16272713562637264,0.037774607190755684,0.02845000078138815,0.000733787628992566,0.012162340624427559,0.05631675051856466,178.75,98.0,178.75,19
original,drone,transformer,development,factorized,all,24,8,20.833333333333332,20.833333333333332,0,24,20.833333333333332,goal_distance_mm,346.75213080417655,155.17110624685168,157.21942811689448,21.557391900131783,89.99050064911242,217.77092555689703,178.75,98.0,178.75,19
original,drone,transformer,development,factorized,all,24,8,20.833333333333332,20.833333333333332,0,24,20.833333333333332,speed_mm_s,107.41389581354069,44.71932534858649,43.73208730925761,7.378194092887957,19.451786045668236,59.11547416062475,178.75,98.0,178.75,19
original,drone,transformer,development,factorized,"[1, 1]",24,8,20.833333333333332,20.833333333333332,0,24,20.833333333333332,altitude_error_mm,0.16272713562637264,0.037774607190755684,0.02845000078138815,0.000733787628992566,0.012162340624427559,0.05631675051856466,178.75,98.0,178.75,19
original,drone,transformer,development,factorized,"[1, 1]",24,8,20.833333333333332,20.833333333333332,0,24,20.833333333333332,goal_distance_mm,346.75213080417655,155.17110624685168,157.21942811689448,21.557391900131783,89.99050064911242,217.77092555689703,178.75,98.0,178.75,19
original,drone,transformer,development,factorized,"[1, 1]",24,8,20.833333333333332,20.833333333333332,0,24,20.833333333333332,speed_mm_s,107.41389581354069,44.71932534858649,43.73208730925761,7.378194092887957,19.451786045668236,59.11547416062475,178.75,98.0,178.75,19
original,drone,transformer,development,framewise,all,24,8,16.666666666666668,16.666666666666668,0,24,16.666666666666668,altitude_error_mm,0.11407222207471257,0.03358314712360866,0.030592699948039925,0.003978257508863159,0.015609928967985631,0.03957060180284633,173.125,38.75,173.125,20
original,drone,transformer,development,framewise,all,24,8,16.666666666666668,16.666666666666668,0,24,16.666666666666668,goal_distance_mm,345.08863123666623,151.5460355079582,146.99862845058735,23.970319136313645,90.26575037550738,216.5956349929006,173.125,38.75,173.125,20
original,drone,transformer,development,framewise,all,24,8,16.666666666666668,16.666666666666668,0,24,16.666666666666668,speed_mm_s,147.51307128431452,61.28168228088964,48.895374712483786,23.07452548731917,35.99127989698762,83.23277392346924,173.125,38.75,173.125,20
original,drone,transformer,development,framewise,"[1, 1]",24,8,16.666666666666668,16.666666666666668,0,24,16.666666666666668,altitude_error_mm,0.11407222207471257,0.03358314712360866,0.030592699948039925,0.003978257508863159,0.015609928967985631,0.03957060180284633,173.125,38.75,173.125,20
original,drone,transformer,development,framewise,"[1, 1]",24,8,16.666666666666668,16.666666666666668,0,24,16.666666666666668,goal_distance_mm,345.08863123666623,151.5460355079582,146.99862845058735,23.970319136313645,90.26575037550738,216.5956349929006,173.125,38.75,173.125,20
original,drone,transformer,development,framewise,"[1, 1]",24,8,16.666666666666668,16.666666666666668,0,24,16.666666666666668,speed_mm_s,147.51307128431452,61.28168228088964,48.895374712483786,23.07452548731917,35.99127989698762,83.23277392346924,173.125,38.75,173.125,20
original,surgery,gru,development,constant_dynamics,all,24,8,8.333333333333334,8.333333333333334,0,24,8.333333333333334,goal_distance_mm,57.672230400478405,34.62570977315075,40.44751268662387,1.426748213753514,21.21886371142679,47.55582667902149,182.29166666666666,49.0,187.41666666666666,22
original,surgery,gru,development,constant_dynamics,"[1, 1]",24,8,8.333333333333334,8.333333333333334,0,24,8.333333333333334,goal_distance_mm,57.672230400478405,34.62570977315075,40.44751268662387,1.426748213753514,21.21886371142679,47.55582667902149,182.29166666666666,49.0,187.41666666666666,22
original,surgery,gru,development,factorized,all,24,8,12.5,12.5,0,24,12.5,goal_distance_mm,60.76010072181707,33.6663334316897,37.89138454663941,1.5680109950247163,22.63978947882812,48.33258524765417,181.20833333333334,63.0,182.875,21
original,surgery,gru,development,factorized,"[1, 1]",24,8,12.5,12.5,0,24,12.5,goal_distance_mm,60.76010072181707,33.6663334316897,37.89138454663941,1.5680109950247163,22.63978947882812,48.33258524765417,181.20833333333334,63.0,182.875,21
original,surgery,gru,development,framewise,all,24,8,8.333333333333334,8.333333333333334,0,24,8.333333333333334,goal_distance_mm,56.940941144605,33.9308862524127,38.04506878557423,1.6814708294717498,19.074343362237617,48.357723307802324,180.08333333333334,61.0,188.41666666666666,22
original,surgery,gru,development,framewise,"[1, 1]",24,8,8.333333333333334,8.333333333333334,0,24,8.333333333333334,goal_distance_mm,56.940941144605,33.9308862524127,38.04506878557423,1.6814708294717498,19.074343362237617,48.357723307802324,180.08333333333334,61.0,188.41666666666666,22
original,surgery,transformer,development,constant_dynamics,all,24,8,8.333333333333334,8.333333333333334,0,24,8.333333333333334,goal_distance_mm,66.67063046130922,35.11937421517329,32.95488072280363,1.7303718938177814,23.67166522447954,49.766838332112165,147.79166666666666,33.5,186.125,22
original,surgery,transformer,development,constant_dynamics,"[1, 1]",24,8,8.333333333333334,8.333333333333334,0,24,8.333333333333334,goal_distance_mm,66.67063046130922,35.11937421517329,32.95488072280363,1.7303718938177814,23.67166522447954,49.766838332112165,147.79166666666666,33.5,186.125,22
original,surgery,transformer,development,factorized,all,24,8,4.166666666666667,4.166666666666667,0,24,4.166666666666667,goal_distance_mm,70.4002514188521,41.319037169472615,40.56672638504585,1.7899641180573458,33.39000860037324,52.40152430461916,162.66666666666666,37.0,193.20833333333334,23
original,surgery,transformer,development,factorized,"[1, 1]",24,8,4.166666666666667,4.166666666666667,0,24,4.166666666666667,goal_distance_mm,70.4002514188521,41.319037169472615,40.56672638504585,1.7899641180573458,33.39000860037324,52.40152430461916,162.66666666666666,37.0,193.20833333333334,23
original,surgery,transformer,development,framewise,all,24,8,8.333333333333334,8.333333333333334,0,24,8.333333333333334,goal_distance_mm,65.14222937694052,36.033172089697416,33.744242611454865,1.6878247065452365,23.991313416189918,50.72218788940456,161.33333333333334,53.0,187.75,22
original,surgery,transformer,development,framewise,"[1, 1]",24,8,8.333333333333334,8.333333333333334,0,24,8.333333333333334,goal_distance_mm,65.14222937694052,36.033172089697416,33.744242611454865,1.6878247065452365,23.991313416189918,50.72218788940456,161.33333333333334,53.0,187.75,22
reference,drone,none,development,random,all,8,8,25.0,25.0,0,8,25.0,altitude_error_mm,0.1455160595098537,0.08525994572772255,0.09326181828284152,0.022064525700304927,0.038398331596245505,0.1286787697322711,170.75,83.0,170.75,6
reference,drone,none,development,random,all,8,8,25.0,25.0,0,8,25.0,goal_distance_mm,287.36403435463535,171.9523328983937,178.90901729099036,30.008679000964424,97.86781438774766,272.2550297267079,170.75,83.0,170.75,6
reference,drone,none,development,random,all,8,8,25.0,25.0,0,8,25.0,speed_mm_s,93.91092557704354,59.83060066986139,62.59303904210907,15.780101299270568,54.33035778833413,66.47519230086746,170.75,83.0,170.75,6
reference,drone,none,development,random,"[1, 1]",8,8,25.0,25.0,0,8,25.0,altitude_error_mm,0.1455160595098537,0.08525994572772255,0.09326181828284152,0.022064525700304927,0.038398331596245505,0.1286787697322711,170.75,83.0,170.75,6
reference,drone,none,development,random,"[1, 1]",8,8,25.0,25.0,0,8,25.0,goal_distance_mm,287.36403435463535,171.9523328983937,178.90901729099036,30.008679000964424,97.86781438774766,272.2550297267079,170.75,83.0,170.75,6
reference,drone,none,development,random,"[1, 1]",8,8,25.0,25.0,0,8,25.0,speed_mm_s,93.91092557704354,59.83060066986139,62.59303904210907,15.780101299270568,54.33035778833413,66.47519230086746,170.75,83.0,170.75,6
reference,drone,none,development,replay_oracle,all,8,8,100.0,100.0,0,8,100.0,altitude_error_mm,0.07709701108837841,0.03748501573992702,0.043270750060997454,0.0014079563036561993,0.004325226218848677,0.06318413273456724,163.875,163.875,163.875,0
reference,drone,none,development,replay_oracle,all,8,8,100.0,100.0,0,8,100.0,goal_distance_mm,38.440460315809496,17.866489082158314,12.213813415454624,6.971011284831017,7.789819483856926,24.683979358420824,163.875,163.875,163.875,0
reference,drone,none,development,replay_oracle,all,8,8,100.0,100.0,0,8,100.0,speed_mm_s,59.232056512638145,35.22531800780514,36.6430613183968,9.536191428912064,13.215640857663626,57.31948375974382,163.875,163.875,163.875,0
reference,drone,none,development,replay_oracle,"[1, 1]",8,8,100.0,100.0,0,8,100.0,altitude_error_mm,0.07709701108837841,0.03748501573992702,0.043270750060997454,0.0014079563036561993,0.004325226218848677,0.06318413273456724,163.875,163.875,163.875,0
reference,drone,none,development,replay_oracle,"[1, 1]",8,8,100.0,100.0,0,8,100.0,goal_distance_mm,38.440460315809496,17.866489082158314,12.213813415454624,6.971011284831017,7.789819483856926,24.683979358420824,163.875,163.875,163.875,0
reference,drone,none,development,replay_oracle,"[1, 1]",8,8,100.0,100.0,0,8,100.0,speed_mm_s,59.232056512638145,35.22531800780514,36.6430613183968,9.536191428912064,13.215640857663626,57.31948375974382,163.875,163.875,163.875,0
reference,surgery,none,development,random,all,8,8,12.5,12.5,0,8,12.5,goal_distance_mm,45.9968452923071,18.919926520992455,14.194042596088135,1.907829484422938,10.467641586251414,24.20295966842911,187.25,98.0,187.25,7
reference,surgery,none,development,random,"[1, 1]",8,8,12.5,12.5,0,8,12.5,goal_distance_mm,45.9968452923071,18.919926520992455,14.194042596088135,1.907829484422938,10.467641586251414,24.20295966842911,187.25,98.0,187.25,7
reference,surgery,none,development,replay_oracle,all,8,8,100.0,100.0,0,8,100.0,goal_distance_mm,1.830107294002883,1.5629171957309524,1.6520624351389621,0.9805264980150821,1.5016941926486878,1.7198704847050459,168.75,168.75,168.75,0
reference,surgery,none,development,replay_oracle,"[1, 1]",8,8,100.0,100.0,0,8,100.0,goal_distance_mm,1.830107294002883,1.5629171957309524,1.6520624351389621,0.9805264980150821,1.5016941926486878,1.7198704847050459,168.75,168.75,168.75,0
wide_gain,drone,transformer,development,constant_dynamics,all,24,8,16.666666666666668,16.666666666666668,0,24,16.666666666666668,altitude_error_mm,0.08032076244823827,0.027110981333460422,0.01981949215645873,6.881888647836121e-05,0.008940890708353244,0.0441285762109167,171.45833333333334,28.75,171.45833333333334,20
wide_gain,drone,transformer,development,constant_dynamics,all,24,8,16.666666666666668,16.666666666666668,0,24,16.666666666666668,goal_distance_mm,297.49477580937247,149.8857228601107,132.35158613698002,33.12443766244632,79.11471497541068,204.34513552538093,171.45833333333334,28.75,171.45833333333334,20
wide_gain,drone,transformer,development,constant_dynamics,all,24,8,16.666666666666668,16.666666666666668,0,24,16.666666666666668,speed_mm_s,118.09619011244631,47.68678960411621,43.38036361829684,8.013698779464583,28.74993009259309,56.97854336249094,171.45833333333334,28.75,171.45833333333334,20
wide_gain,drone,transformer,development,constant_dynamics,"[1, 1]",24,8,16.666666666666668,16.666666666666668,0,24,16.666666666666668,altitude_error_mm,0.08032076244823827,0.027110981333460422,0.01981949215645873,6.881888647836121e-05,0.008940890708353244,0.0441285762109167,171.45833333333334,28.75,171.45833333333334,20
wide_gain,drone,transformer,development,constant_dynamics,"[1, 1]",24,8,16.666666666666668,16.666666666666668,0,24,16.666666666666668,goal_distance_mm,297.49477580937247,149.8857228601107,132.35158613698002,33.12443766244632,79.11471497541068,204.34513552538093,171.45833333333334,28.75,171.45833333333334,20
wide_gain,drone,transformer,development,constant_dynamics,"[1, 1]",24,8,16.666666666666668,16.666666666666668,0,24,16.666666666666668,speed_mm_s,118.09619011244631,47.68678960411621,43.38036361829684,8.013698779464583,28.74993009259309,56.97854336249094,171.45833333333334,28.75,171.45833333333334,20
wide_gain,drone,transformer,development,factorized,all,24,8,29.166666666666668,29.166666666666668,0,24,29.166666666666668,altitude_error_mm,0.08965419841255873,0.03166573425681755,0.02607564485601621,0.00043653388570596974,0.012476181220355542,0.045000087895569196,160.66666666666666,65.14285714285714,160.66666666666666,17
wide_gain,drone,transformer,development,factorized,all,24,8,29.166666666666668,29.166666666666668,0,24,29.166666666666668,goal_distance_mm,309.2895288165136,145.8784447473307,162.64416756195385,26.950292944369146,39.3575039771542,203.60597106918138,160.66666666666666,65.14285714285714,160.66666666666666,17
wide_gain,drone,transformer,development,factorized,all,24,8,29.166666666666668,29.166666666666668,0,24,29.166666666666668,speed_mm_s,113.34511592403915,49.845415701207834,49.02593784857345,2.318240363649119,32.553234492081394,60.542795721100504,160.66666666666666,65.14285714285714,160.66666666666666,17
wide_gain,drone,transformer,development,factorized,"[1, 1]",24,8,29.166666666666668,29.166666666666668,0,24,29.166666666666668,altitude_error_mm,0.08965419841255873,0.03166573425681755,0.02607564485601621,0.00043653388570596974,0.012476181220355542,0.045000087895569196,160.66666666666666,65.14285714285714,160.66666666666666,17
wide_gain,drone,transformer,development,factorized,"[1, 1]",24,8,29.166666666666668,29.166666666666668,0,24,29.166666666666668,goal_distance_mm,309.2895288165136,145.8784447473307,162.64416756195385,26.950292944369146,39.3575039771542,203.60597106918138,160.66666666666666,65.14285714285714,160.66666666666666,17
wide_gain,drone,transformer,development,factorized,"[1, 1]",24,8,29.166666666666668,29.166666666666668,0,24,29.166666666666668,speed_mm_s,113.34511592403915,49.845415701207834,49.02593784857345,2.318240363649119,32.553234492081394,60.542795721100504,160.66666666666666,65.14285714285714,160.66666666666666,17
