backbone,ci95,comparator,condition,family,favorable_direction,mean,method,metric,per_seed,split,task,task_clusters,training_seed_sd
transformer,"[0.0, 3.645833333333334]",framewise,all,core,positive,1.736111111111111,fixed_training_task_cluster_20000_rng1701,success,"[1.5625, 1.5625, 2.0833333333333335]",extrapolation,pusht,64,0.30070326520293017
transformer,"[0.11805555555555555, 0.8368055555555556]",framewise,all,core,positive,0.4513888888888889,fixed_training_task_cluster_20000_rng1701,budget_penalized_commands,"[0.3125, 0.5677083333333333, 0.47395833333333337]",extrapolation,pusht,64,0.12909244059042568
transformer,"[-11.31365571625801, 10.550559584617918]",framewise,all,core,positive,-0.4003812691825708,fixed_training_task_cluster_20000_rng1701,block_translation_error_px,"[7.885707443367485, -4.493832682093588, -4.593018568821612]",extrapolation,pusht,64,7.1761346889686095
transformer,"[-30.974885077195832, 2.814519017971195]",framewise,all,core,positive,-13.92531064003297,fixed_training_task_cluster_20000_rng1701,agent_position_error_px,"[-67.37868941567102, -36.339409532965185, 61.94216702853729]",extrapolation,pusht,64,67.51122017674167
transformer,"[-0.05461830833434082, 0.08352737940068976]",framewise,all,core,positive,0.01384641087559041,fixed_training_task_cluster_20000_rng1701,block_angle_error_rad,"[-0.013158355792285463, -0.00395329822725669, 0.05865088664631338]",extrapolation,pusht,64,0.039073828299910025
transformer,"[-33.49357335305228, 2.8208520796259564]",framewise,all,core,positive,-15.488246947929506,fixed_training_task_cluster_20000_rng1701,position_error_px,"[-60.52234108386413, -38.62067432801726, 52.67827456809285]",extrapolation,pusht,64,60.04104215756749
transformer,"[-0.5208333333333335, 8.854166666666668]",framewise,"[0, 3]",core,positive,3.6458333333333335,fixed_training_task_cluster_20000_rng1701,success,"[3.125, 4.6875, 3.125]",extrapolation,pusht,64,0.9021097956087902
transformer,"[0.08854166666666663, 1.7083333333333335]",framewise,"[0, 3]",core,positive,0.8125,fixed_training_task_cluster_20000_rng1701,budget_penalized_commands,"[0.125, 1.828125, 0.484375]",extrapolation,pusht,64,0.8977239013889515
transformer,"[-23.40430354909887, 20.515747480329814]",framewise,"[0, 3]",core,positive,-1.2711084338067355,fixed_training_task_cluster_20000_rng1701,block_translation_error_px,"[32.175505157922956, -9.725229900038544, -26.263600559304614]",extrapolation,pusht,64,30.122855053624583
transformer,"[-22.87407118157601, 32.45059500809461]",framewise,"[0, 3]",core,positive,4.481057899771305,fixed_training_task_cluster_20000_rng1701,agent_position_error_px,"[19.536740429019545, -1.0397752638248159, -5.053791465880807]",extrapolation,pusht,64,13.192166760381896
transformer,"[-0.1299636242698914, 0.2168396775871671]",framewise,"[0, 3]",core,positive,0.044016893666584476,fixed_training_task_cluster_20000_rng1701,block_angle_error_rad,"[0.05446346093943737, -0.08356220946151854, 0.16114942952183456]",extrapolation,pusht,64,0.12268983103468444
transformer,"[-32.587338486359826, 27.903828816303555]",framewise,"[0, 3]",core,positive,-2.5562455698140583,fixed_training_task_cluster_20000_rng1701,position_error_px,"[35.239338144562076, -11.684719524563956, -31.223355329440302]",extrapolation,pusht,64,34.15873509823966
transformer,"[-1.0416666666666667, 3.125]",framewise,"[3, 0]",core,positive,1.0416666666666667,fixed_training_task_cluster_20000_rng1701,success,"[0.0, 0.0, 3.125]",extrapolation,pusht,64,1.8042195912175805
transformer,"[-0.17187500000000003, 1.0208333333333333]",framewise,"[3, 0]",core,positive,0.3645833333333333,fixed_training_task_cluster_20000_rng1701,budget_penalized_commands,"[0.28125, -0.125, 0.9375]",extrapolation,pusht,64,0.5361295513524071
transformer,"[-3.1694152244412916, 4.484524086914611]",framewise,"[3, 0]",core,positive,0.6512735716251581,fixed_training_task_cluster_20000_rng1701,block_translation_error_px,"[0.2485631451676289, -0.97089041730487, 2.6761479870127154]",extrapolation,pusht,64,1.8565705066937381
transformer,"[-36.81290006859867, 12.034655890531349]",framewise,"[3, 0]",core,positive,-13.410985016489315,fixed_training_task_cluster_20000_rng1701,agent_position_error_px,"[-101.79702867526296, -42.071325887437546, 103.63539951323258]",extrapolation,pusht,64,105.6725224075992
transformer,"[-0.04321151222212702, 0.05107406291896429]",framewise,"[3, 0]",core,positive,0.003956345339649563,fixed_training_task_cluster_20000_rng1701,block_angle_error_rad,"[-0.04788118723421782, 0.04566477416640332, 0.014085449086763187]",extrapolation,pusht,64,0.04758845217730315
transformer,"[-36.44925776562273, 11.866938739019822]",framewise,"[3, 0]",core,positive,-13.28888192003537,fixed_training_task_cluster_20000_rng1701,position_error_px,"[-101.4226508746932, -41.36112800477743, 102.91713311936451]",extrapolation,pusht,64,105.02249797479718
transformer,"[0.0, 1.5625]",framewise,"[3, 3]",core,positive,0.5208333333333334,fixed_training_task_cluster_20000_rng1701,success,"[1.5625, 0.0, 0.0]",extrapolation,pusht,64,0.9021097956087902
transformer,"[0.0, 0.47395833333333337]",framewise,"[3, 3]",core,positive,0.17708333333333334,fixed_training_task_cluster_20000_rng1701,budget_penalized_commands,"[0.53125, 0.0, 0.0]",extrapolation,pusht,64,0.3067173305069887
transformer,"[-19.82928308293306, 17.885835427872898]",framewise,"[3, 3]",core,positive,-0.5813089453661373,fixed_training_task_cluster_20000_rng1701,block_translation_error_px,"[-8.766945972988129, -2.7853777289373465, 9.808396865827067]",extrapolation,pusht,64,9.481786740742251
transformer,"[-56.6974336364881, -8.81564143644837]",framewise,"[3, 3]",core,positive,-32.84600480338089,fixed_training_task_cluster_20000_rng1701,agent_position_error_px,"[-119.87578000076962, -65.9071274476332, 87.24489303826013]",extrapolation,pusht,64,107.44543579375015
transformer,"[-0.12552856307203403, 0.1124805110538534]",framewise,"[3, 3]",core,positive,-0.006434006379462773,fixed_training_task_cluster_20000_rng1701,block_angle_error_rad,"[-0.04605734108207592, 0.026037540613345192, 0.0007177813303424173]",extrapolation,pusht,64,0.03657566188401492
transformer,"[-55.19403295464192, -6.0789210504902185]",framewise,"[3, 3]",core,positive,-30.619613353939098,fixed_training_task_cluster_20000_rng1701,position_error_px,"[-115.38371052146127, -62.81617545471038, 86.34104591435435]",extrapolation,pusht,64,104.64551255598063
transformer,"[-2.9513888888888893, 1.2152777777777777]",single,all,core,positive,-0.8680555555555557,fixed_training_task_cluster_20000_rng1701,success,"[-2.0833333333333335, 1.1102230246251565e-16, -0.5208333333333334]",extrapolation,pusht,64,1.084201041388611
transformer,"[-0.6822916666666667, 0.3246527777777778]",single,all,core,positive,-0.16319444444444442,fixed_training_task_cluster_20000_rng1701,budget_penalized_commands,"[-0.59375, 0.07291666666666671, 0.03125000000000003]",extrapolation,pusht,64,0.3734536016596876
transformer,"[-5.2736260637093935, 13.394123398657987]",single,all,core,positive,3.997418642534964,fixed_training_task_cluster_20000_rng1701,block_translation_error_px,"[4.677903148753464, 7.97500769828563, -0.6606549194342]",extrapolation,pusht,64,4.357862042811073
transformer,"[-40.20375528003099, -8.720632772369612]",single,all,core,positive,-24.620393598372114,fixed_training_task_cluster_20000_rng1701,agent_position_error_px,"[-73.93203672494246, -63.183001837764635, 63.25385776759076]",extrapolation,pusht,64,76.29088069748417
transformer,"[-0.030710686960452215, 0.09852143791091915]",single,all,core,positive,0.03310792735258843,fixed_training_task_cluster_20000_rng1701,block_angle_error_rad,"[0.129995212219013, -0.003871319851646727, -0.026800110309600972]",extrapolation,pusht,64,0.08468643241131942
transformer,"[-37.345532881047696, -5.254228263100893]",single,all,core,positive,-21.278855096600044,fixed_training_task_cluster_20000_rng1701,position_error_px,"[-67.1942752471074, -54.150666691047704, 57.508376648354954]",extrapolation,pusht,64,68.54272277613329
transformer,"[-0.5208333333333334, 7.291666666666667]",single,"[0, 3]",core,positive,3.125,fixed_training_task_cluster_20000_rng1701,success,"[0.0, 7.8125, 1.5625]",extrapolation,pusht,64,4.133986423538423
transformer,"[0.17708333333333331, 1.9270833333333333]",single,"[0, 3]",core,positive,0.9635416666666666,fixed_training_task_cluster_20000_rng1701,budget_penalized_commands,"[0.15625, 1.859375, 0.875]",extrapolation,pusht,64,0.8550078429221181
transformer,"[-10.993762609887145, 34.44191722238598]",single,"[0, 3]",core,positive,11.871465421335119,fixed_training_task_cluster_20000_rng1701,block_translation_error_px,"[7.183390687028983, 20.69529501141657, 7.73571056555981]",extrapolation,pusht,64,7.6466489907771225
transformer,"[-10.06755427336832, 54.96231130661581]",single,"[0, 3]",core,positive,21.184828891071813,fixed_training_task_cluster_20000_rng1701,agent_position_error_px,"[8.076939933082093, 0.17977272535049948, 55.29777401478283]",extrapolation,pusht,64,29.80538678220277
transformer,"[-0.13869832286941974, 0.13241835524158044]",single,"[0, 3]",core,positive,-0.0036124909629239865,fixed_training_task_cluster_20000_rng1701,block_angle_error_rad,"[0.014807893875509279, -0.07077870740480768, 0.04513334064052645]",extrapolation,pusht,64,0.060111426981173464
transformer,"[-7.169370348700644, 56.10346634186093]",single,"[0, 3]",core,positive,23.91603871056616,fixed_training_task_cluster_20000_rng1701,position_error_px,"[15.372341096022303, 9.256670710952658, 47.11910432472351]",extrapolation,pusht,64,20.325772961584338
transformer,"[-7.8125, -1.0416666666666667]",single,"[3, 0]",core,positive,-4.166666666666667,fixed_training_task_cluster_20000_rng1701,success,"[-6.25, -4.6875, -1.5625]",extrapolation,pusht,64,2.386758174456167
transformer,"[-1.9479166666666665, -0.11458333333333331]",single,"[3, 0]",core,positive,-0.9583333333333334,fixed_training_task_cluster_20000_rng1701,budget_penalized_commands,"[-1.75, -0.84375, -0.28125]",extrapolation,pusht,64,0.7410490171596839
transformer,"[0.31924891470604805, 10.147986695393573]",single,"[3, 0]",core,positive,5.266729918142814,fixed_training_task_cluster_20000_rng1701,block_translation_error_px,"[12.127790289145729, 1.1980033043277896, 2.4743961609549228]",extrapolation,pusht,64,5.976027672461213
transformer,"[-69.20876578694099, -28.999884371569966]",single,"[3, 0]",core,positive,-49.21473116427666,fixed_training_task_cluster_20000_rng1701,agent_position_error_px,"[-110.99856687197573, -105.37770516602838, 68.7320785451741]",extrapolation,pusht,64,102.18358949487627
transformer,"[-0.034614214155165315, 0.08853648197857303]",single,"[3, 0]",core,positive,0.027288809666625096,fixed_training_task_cluster_20000_rng1701,block_angle_error_rad,"[0.07208326814569535, 0.0039360705451759945, 0.0058470903090039605]",extrapolation,pusht,64,0.038804904741015625
transformer,"[-65.49142497315005, -26.141871891619008]",single,"[3, 0]",core,positive,-45.93933510128074,fixed_training_task_cluster_20000_rng1701,position_error_px,"[-105.45664905391978, -100.64372019964927, 68.2823639497268]",extrapolation,pusht,64,98.94816052667818
transformer,"[-4.166666666666667, 0.0]",single,"[3, 3]",core,positive,-1.5625,fixed_training_task_cluster_20000_rng1701,success,"[0.0, -3.125, -1.5625]",extrapolation,pusht,64,1.5625
transformer,"[-1.3177083333333335, 0.026041666666666668]",single,"[3, 3]",core,positive,-0.4947916666666667,fixed_training_task_cluster_20000_rng1701,budget_penalized_commands,"[-0.1875, -0.796875, -0.5]",extrapolation,pusht,64,0.30472088492312654
transformer,"[-21.390545279638744, 10.60312187929198]",single,"[3, 3]",core,positive,-5.14593941187304,fixed_training_task_cluster_20000_rng1701,block_translation_error_px,"[-5.277471529914317, 2.0317247791125377, -12.19207148481734]",extrapolation,pusht,64,7.112810314004142
transformer,"[-65.05823385501299, -26.494685403370124]",single,"[3, 3]",core,positive,-45.831278521911486,fixed_training_task_cluster_20000_rng1701,agent_position_error_px,"[-118.87448323593375, -84.351073072616, 65.73172074281533]",extrapolation,pusht,64,98.14628656262163
transformer,"[-0.051143318417679454, 0.20388411864819447]",single,"[3, 3]",core,positive,0.07564746335406416,fixed_training_task_cluster_20000_rng1701,block_angle_error_rad,"[0.3030944746358344, 0.05522867730469145, -0.13138076187833334]",extrapolation,pusht,64,0.21795613756856685
transformer,"[-62.582596810406756, -20.788229474305528]",single,"[3, 3]",core,positive,-41.813268899085564,fixed_training_task_cluster_20000_rng1701,position_error_px,"[-111.49851778342472, -71.06495058444649, 57.12366167061455]",extrapolation,pusht,64,88.0346835742812
transformer,"[-0.5208333333333333, 3.645833333333334]",factorized_unpaired,all,core,positive,1.5625,fixed_training_task_cluster_20000_rng1701,success,"[2.0833333333333335, 0.5208333333333334, 2.0833333333333335]",extrapolation,pusht,64,0.9021097956087902
transformer,"[-0.03472222222222223, 0.75]",factorized_unpaired,all,core,positive,0.3489583333333333,fixed_training_task_cluster_20000_rng1701,budget_penalized_commands,"[0.25, 0.10937500000000001, 0.6875]",extrapolation,pusht,64,0.30149907580013136
transformer,"[-13.744633780951284, 1.772061186914052]",factorized_unpaired,all,core,positive,-5.9133564430632015,fixed_training_task_cluster_20000_rng1701,block_translation_error_px,"[-7.378806310552121, -1.3678424958167994, -8.993420522820685]",extrapolation,pusht,64,4.018459598785782
transformer,"[-20.712193814411748, 0.21565067666586837]",factorized_unpaired,all,core,positive,-10.289474294924656,fixed_training_task_cluster_20000_rng1701,agent_position_error_px,"[0.8044158119219733, -19.657106350284526, -12.015732346411413]",extrapolation,pusht,64,10.339412335517869
transformer,"[-0.07600926490017995, 0.039931306724160766]",factorized_unpaired,all,core,positive,-0.01806629368060898,fixed_training_task_cluster_20000_rng1701,block_angle_error_rad,"[-0.008717929286752198, -0.007258282209455192, -0.03822266954561955]",extrapolation,pusht,64,0.01747118365784788
transformer,"[-24.885039984452213, -2.4815897966019884]",factorized_unpaired,all,core,positive,-13.726467158511888,fixed_training_task_cluster_20000_rng1701,position_error_px,"[-4.915659691920494, -17.606733854929374, -18.657007928685793]",extrapolation,pusht,64,7.648432196699413
transformer,"[0.5208333333333334, 8.333333333333334]",factorized_unpaired,"[0, 3]",core,positive,4.166666666666667,fixed_training_task_cluster_20000_rng1701,success,"[4.6875, 6.25, 1.5625]",extrapolation,pusht,64,2.386758174456167
transformer,"[0.19791666666666669, 1.5260416666666665]",factorized_unpaired,"[0, 3]",core,positive,0.8072916666666666,fixed_training_task_cluster_20000_rng1701,budget_penalized_commands,"[0.6875, 1.21875, 0.515625]",extrapolation,pusht,64,0.3665497564565189
transformer,"[-26.51346414629176, 15.14287303687401]",factorized_unpaired,"[0, 3]",core,positive,-5.474155118871678,fixed_training_task_cluster_20000_rng1701,block_translation_error_px,"[-2.7332002263384045, 0.04732132375886611, -13.736586454035493]",extrapolation,pusht,64,7.2892834832280675
transformer,"[-17.776107915139168, 22.266066815202684]",factorized_unpaired,"[0, 3]",core,positive,1.7672236474659295,fixed_training_task_cluster_20000_rng1701,agent_position_error_px,"[21.104820984312568, -14.314072164866486, -1.4890778770482918]",extrapolation,pusht,64,17.93257155826113
transformer,"[-0.18791969102754194, 0.11531502431424066]",factorized_unpaired,"[0, 3]",core,positive,-0.03569302687544423,fixed_training_task_cluster_20000_rng1701,block_angle_error_rad,"[-0.12928097269968597, 0.0054104575837638225, 0.016791434489589488]",extrapolation,pusht,64,0.0812490576039725
transformer,"[-27.627111667590658, 20.393094649031514]",factorized_unpaired,"[0, 3]",core,positive,-4.0453610087352105,fixed_training_task_cluster_20000_rng1701,position_error_px,"[18.021930617027603, -11.377945393591965, -18.780068249641264]",extrapolation,pusht,64,19.465915736649997
transformer,"[-1.5625, 2.604166666666667]",factorized_unpaired,"[3, 0]",core,positive,0.5208333333333334,fixed_training_task_cluster_20000_rng1701,success,"[0.0, -3.125, 4.6875]",extrapolation,pusht,64,3.932205435036849
transformer,"[-0.3385416666666667, 0.828125]",factorized_unpaired,"[3, 0]",core,positive,0.22395833333333334,fixed_training_task_cluster_20000_rng1701,budget_penalized_commands,"[-0.265625, -0.609375, 1.546875]",extrapolation,pusht,64,1.1585000629405824
transformer,"[-0.8208380387684703, 5.416218321615348]",factorized_unpaired,"[3, 0]",core,positive,2.15723577625509,fixed_training_task_cluster_20000_rng1701,block_translation_error_px,"[4.2912098542858965, -0.6083054591689336, 2.7888029336483067]",extrapolation,pusht,64,2.5100737802737805
transformer,"[-28.97742764768515, 3.746750331404899]",factorized_unpaired,"[3, 0]",core,positive,-12.69078475863846,fixed_training_task_cluster_20000_rng1701,agent_position_error_px,"[-6.187406487395774, -13.1134709226553, -18.771476865864315]",extrapolation,pusht,64,6.302674394056922
transformer,"[-0.01704281177236513, 0.05374934093536963]",factorized_unpaired,"[3, 0]",core,positive,0.01759767658484933,fixed_training_task_cluster_20000_rng1701,block_angle_error_rad,"[0.012183029864991066, 0.0203949898570234, 0.020215010032533523]",extrapolation,pusht,64,0.00469008502161312
transformer,"[-28.552764421160795, 3.560242509868124]",factorized_unpaired,"[3, 0]",core,positive,-12.503589015224762,fixed_training_task_cluster_20000_rng1701,position_error_px,"[-6.31201212057894, -12.90967789354465, -18.289077031550683]",extrapolation,pusht,64,5.99885006507322
transformer,"[-1.5625, 1.5625]",factorized_unpaired,"[3, 3]",core,positive,0.0,fixed_training_task_cluster_20000_rng1701,success,"[1.5625, -1.5625, 0.0]",extrapolation,pusht,64,1.5625
transformer,"[-0.28125, 0.34895833333333337]",factorized_unpaired,"[3, 3]",core,positive,0.015625,fixed_training_task_cluster_20000_rng1701,budget_penalized_commands,"[0.328125, -0.28125, 0.0]",extrapolation,pusht,64,0.3049878327491115
transformer,"[-32.55054978953185, 1.6461004812469986]",factorized_unpaired,"[3, 3]",core,positive,-14.423149986573018,fixed_training_task_cluster_20000_rng1701,block_translation_error_px,"[-23.694428559603857, -3.5425433520403278, -16.03247804807487]",extrapolation,pusht,64,10.171876521166457
transformer,"[-35.919455897742566, -3.103435925353886]",factorized_unpaired,"[3, 3]",core,positive,-19.944861773601435,fixed_training_task_cluster_20000_rng1701,agent_position_error_px,"[-12.504167061150875, -31.543775963331804, -15.786642296321645]",extrapolation,pusht,64,10.17815153664572
transformer,"[-0.14133097663477376, 0.07091639247738488]",factorized_unpaired,"[3, 3]",core,positive,-0.036103530751232064,fixed_training_task_cluster_20000_rng1701,block_angle_error_rad,"[0.09094415497443833, -0.04758029406915278, -0.1516744531589817]",extrapolation,pusht,64,0.12171579324533521
transformer,"[-42.50155956841551, -7.10657218949595]",factorized_unpaired,"[3, 3]",core,positive,-24.63045145157569,fixed_training_task_cluster_20000_rng1701,position_error_px,"[-26.45689757221014, -28.532578277651503, -18.901878504865433]",extrapolation,pusht,64,5.068483363104872
transformer,"[-1.215277777777778, 2.7777777777777777]",plain,all,core,positive,0.6944444444444445,fixed_training_task_cluster_20000_rng1701,success,"[-0.5208333333333334, 2.0833333333333335, 0.5208333333333334]",extrapolation,pusht,64,1.310735145012283
transformer,"[-0.31249999999999994, 0.529513888888889]",plain,all,core,positive,0.10243055555555558,fixed_training_task_cluster_20000_rng1701,budget_penalized_commands,"[-0.29166666666666663, 0.43750000000000006, 0.16145833333333331]",extrapolation,pusht,64,0.36814971934863877
transformer,"[-6.91818161666375, 11.526694391793509]",plain,all,core,positive,2.2045890363719796,fixed_training_task_cluster_20000_rng1701,block_translation_error_px,"[6.266743103304938, 0.12977592751882894, 0.21724807829217152]",extrapolation,pusht,64,3.5182004763678845
transformer,"[-146.12672608424324, -102.16887297564303]",plain,all,core,positive,-124.5108347439713,fixed_training_task_cluster_20000_rng1701,agent_position_error_px,"[-133.7425058330914, -40.13105703955314, -199.6589413592693]",extrapolation,pusht,64,80.1636094634246
transformer,"[-0.07679304962198559, 0.08486331271135994]",plain,all,core,positive,0.003328806585597107,fixed_training_task_cluster_20000_rng1701,block_angle_error_rad,"[0.0022810340703681813, -0.030802942830336598, 0.03850832851675972]",extrapolation,pusht,64,0.03466751295334662
transformer,"[-136.72640016217917, -93.27402104939495]",plain,all,core,positive,-115.5319333906909,fixed_training_task_cluster_20000_rng1701,position_error_px,"[-119.46942572198293, -38.491784422759494, -188.6345900273303]",extrapolation,pusht,64,75.1488083943932
transformer,"[-1.0416666666666667, 8.854166666666668]",plain,"[0, 3]",core,positive,3.6458333333333335,fixed_training_task_cluster_20000_rng1701,success,"[0.0, 9.375, 1.5625]",extrapolation,pusht,64,5.022734771350497
transformer,"[-0.16666666666666666, 1.5052083333333335]",plain,"[0, 3]",core,positive,0.59375,fixed_training_task_cluster_20000_rng1701,budget_penalized_commands,"[-0.40625, 2.0, 0.1875]",extrapolation,pusht,64,1.2535106950082238
transformer,"[-16.288816424209173, 22.20709029875922]",plain,"[0, 3]",core,positive,2.962027607063677,fixed_training_task_cluster_20000_rng1701,block_translation_error_px,"[1.511112680004254, -2.8916345514884245, 10.266604692675198]",extrapolation,pusht,64,6.698035577378998
transformer,"[-7.686505220197783, 50.178085943608444]",plain,"[0, 3]",core,positive,20.41678410637637,fixed_training_task_cluster_20000_rng1701,agent_position_error_px,"[46.24819809797957, 15.125635794177162, -0.12348157302763241]",extrapolation,pusht,64,23.634304659200193
transformer,"[-0.1327288388909473, 0.17877640966764044]",plain,"[0, 3]",core,positive,0.0208097975969742,fixed_training_task_cluster_20000_rng1701,block_angle_error_rad,"[-0.027031274788248537, -0.11001447139356998, 0.1994751389727412]",extrapolation,pusht,64,0.16019528983836842
transformer,"[-11.497480938488703, 46.39379438390494]",plain,"[0, 3]",core,positive,16.59653754902512,fixed_training_task_cluster_20000_rng1701,position_error_px,"[39.15954753099522, 7.293271863647837, 3.3367932524322903]",extrapolation,pusht,64,19.640022793650555
transformer,"[-5.729166666666667, 1.0416666666666665]",plain,"[3, 0]",core,positive,-2.0833333333333335,fixed_training_task_cluster_20000_rng1701,success,"[-3.125, -3.125, 0.0]",extrapolation,pusht,64,1.8042195912175805
transformer,"[-1.390625, 0.34374999999999994]",plain,"[3, 0]",core,positive,-0.4375,fixed_training_task_cluster_20000_rng1701,budget_penalized_commands,"[-0.921875, -0.6875, 0.296875]",extrapolation,pusht,64,0.6466938152054649
transformer,"[-1.3541662346992118, 10.198309746560696]",plain,"[3, 0]",core,positive,4.310419138364998,fixed_training_task_cluster_20000_rng1701,block_translation_error_px,"[6.0924134927688325, 2.6746409749438276, 4.164202947382335]",extrapolation,pusht,64,1.7135713077602222
transformer,"[-212.27424930817963, -151.52880114589053]",plain,"[3, 0]",core,positive,-182.13405193676246,fixed_training_task_cluster_20000_rng1701,agent_position_error_px,"[-202.2471141121854, -48.07422149425628, -296.08082020384563]",extrapolation,pusht,64,125.22068400799105
transformer,"[-0.08395653493730079, 0.056153527670126165]",plain,"[3, 0]",core,positive,-0.012505583516139474,fixed_training_task_cluster_20000_rng1701,block_angle_error_rad,"[-0.01891397006837578, 0.007947128611788527, -0.02654990909183117]",extrapolation,pusht,64,0.01811938095613098
transformer,"[-205.6352638666335, -146.82950412494347]",plain,"[3, 0]",core,positive,-176.46880747923532,fixed_training_task_cluster_20000_rng1701,position_error_px,"[-197.1388845689654, -44.734386847943824, -287.53315102079665]",extrapolation,pusht,64,122.71205741954492
transformer,"[0.0, 1.5625]",plain,"[3, 3]",core,positive,0.5208333333333334,fixed_training_task_cluster_20000_rng1701,success,"[1.5625, 0.0, 0.0]",extrapolation,pusht,64,0.9021097956087902
transformer,"[-0.046875, 0.5]",plain,"[3, 3]",core,positive,0.15104166666666666,fixed_training_task_cluster_20000_rng1701,budget_penalized_commands,"[0.453125, 0.0, 0.0]",extrapolation,pusht,64,0.2616118407265492
transformer,"[-21.847037580815677, 20.31272507821825]",plain,"[3, 3]",core,positive,-0.6586796363127357,fixed_training_task_cluster_20000_rng1701,block_translation_error_px,"[11.196703137141723, 0.6063213591010843, -13.779063405181017]",extrapolation,pusht,64,12.535844575972952
transformer,"[-250.1441533391254, -171.8719105741909]",plain,"[3, 3]",core,positive,-211.8152364015278,fixed_training_task_cluster_20000_rng1701,agent_position_error_px,"[-245.22860148506845, -87.44458541858035, -302.7725223009346]",extrapolation,pusht,64,111.48484123483904
transformer,"[-0.1648623569505018, 0.1682713207892994]",plain,"[3, 3]",core,positive,0.001682205675956563,fixed_training_task_cluster_20000_rng1701,block_angle_error_rad,"[0.05278834706772886, 0.009658514290771712, -0.05740024433063089]",extrapolation,pusht,64,0.05552564761376269
transformer,"[-222.02865969730362, -150.1568670507794]",plain,"[3, 3]",core,positive,-186.7235302418625,fixed_training_task_cluster_20000_rng1701,position_error_px,"[-200.4289401279786, -78.0342382839825, -281.7074123136265]",extrapolation,pusht,64,102.5259437895465
transformer,"[-0.7523148148148148, 2.4305555555555554]",framewise,all,core,positive,0.8101851851851851,fixed_training_task_cluster_20000_rng1701,success,"[1.1102230246251565e-16, 1.2152777777777777, 1.2152777777777777]",test,pusht,64,0.7016409521401701
transformer,"[-0.042824074074074056, 0.5283564814814814]",framewise,all,core,positive,0.23726851851851852,fixed_training_task_cluster_20000_rng1701,budget_penalized_commands,"[-0.01215277777777779, 0.44270833333333337, 0.28125]",test,pusht,64,0.23059799573129008
transformer,"[-27.143535876186373, -10.494644776898989]",framewise,all,core,positive,-18.32509581510263,fixed_training_task_cluster_20000_rng1701,block_translation_error_px,"[-22.614140402979686, -15.716205348818656, -16.64494169350955]",test,pusht,64,3.7433361333288713
transformer,"[-61.43120454780316, -27.855359705883586]",framewise,all,core,positive,-44.80676209658535,fixed_training_task_cluster_20000_rng1701,agent_position_error_px,"[-47.92068993080149, -36.60634120286278, -49.89325515609181]",test,pusht,64,7.169932392823348
transformer,"[-0.07188334190189435, 0.019740901821521196]",framewise,all,core,positive,-0.026645119813359278,fixed_training_task_cluster_20000_rng1701,block_angle_error_rad,"[-0.02351740395299385, -0.023977588273172465, -0.032440367213911525]",test,pusht,64,0.005024103076902407
transformer,"[-70.70347302771538, -36.459634962481104]",framewise,all,core,positive,-53.71530476120356,fixed_training_task_cluster_20000_rng1701,position_error_px,"[-56.52617836658011, -48.13170194071653, -56.48803397631404]",test,pusht,64,4.835579499019764
transformer,"[0.5208333333333334, 11.458333333333334]",framewise,"[0, 0]",core,positive,5.729166666666667,fixed_training_task_cluster_20000_rng1701,success,"[6.25, 4.6875, 6.25]",test,pusht,64,0.9021097956087902
transformer,"[0.33333333333333337, 2.333333333333333]",framewise,"[0, 0]",core,positive,1.234375,fixed_training_task_cluster_20000_rng1701,budget_penalized_commands,"[0.875, 1.5, 1.328125]",test,pusht,64,0.32287466124643477
transformer,"[-2.612702329165982, 6.699729106759299]",framewise,"[0, 0]",core,positive,2.2288928479970616,fixed_training_task_cluster_20000_rng1701,block_translation_error_px,"[2.122946128481964, 1.1023213125966307, 3.4614111029125905]",test,pusht,64,1.1831080636295477
transformer,"[-13.028606051893872, 14.10746678430091]",framewise,"[0, 0]",core,positive,0.7211774612119394,fixed_training_task_cluster_20000_rng1701,agent_position_error_px,"[-2.4034309819739326, -4.641376319155702, 9.208339684765452]",test,pusht,64,7.434785927633611
transformer,"[-0.005912401617971957, 0.06553618576421588]",framewise,"[0, 0]",core,positive,0.03067000135053446,fixed_training_task_cluster_20000_rng1701,block_angle_error_rad,"[0.025170422299996782, 0.0065588961817706695, 0.06028068556983593]",test,pusht,64,0.027279877035348694
transformer,"[-12.003778931564854, 15.23029495965064]",framewise,"[0, 0]",core,positive,1.8096795727565962,fixed_training_task_cluster_20000_rng1701,position_error_px,"[-1.7893902162564017, -3.0542469427377594, 10.272675877263948]",test,pusht,64,7.356405064446228
transformer,"[-2.083333333333334, 7.291666666666666]",framewise,"[0, 1]",core,positive,2.0833333333333335,fixed_training_task_cluster_20000_rng1701,success,"[1.5625, 3.125, 1.5625]",test,pusht,64,0.9021097956087902
transformer,"[-0.22916666666666666, 1.3125]",framewise,"[0, 1]",core,positive,0.4791666666666667,fixed_training_task_cluster_20000_rng1701,budget_penalized_commands,"[0.15625, 1.03125, 0.25]",test,pusht,64,0.4804105232333418
transformer,"[0.3170873490850675, 34.30388289551573]",framewise,"[0, 1]",core,positive,16.772529350846476,fixed_training_task_cluster_20000_rng1701,block_translation_error_px,"[-2.036420426047303, 21.423569918265983, 30.930438560320745]",test,pusht,64,16.968428967544565
transformer,"[-72.280111868872, 16.34710606892495]",framewise,"[0, 1]",core,positive,-22.957481308946672,fixed_training_task_cluster_20000_rng1701,agent_position_error_px,"[-66.39992610929116, -9.265536683166367, 6.793018865617489]",test,pusht,64,38.4695179233062
transformer,"[-0.09701731452054038, 0.2221532713914932]",framewise,"[0, 1]",core,positive,0.0628897899454872,fixed_training_task_cluster_20000_rng1701,block_angle_error_rad,"[0.1420541762680087, 0.06884096453258873, -0.02222577096413584]",test,pusht,64,0.08230150439010013
transformer,"[-57.415144020194234, 31.373815182686126]",framewise,"[0, 1]",core,positive,-8.844025097613292,fixed_training_task_cluster_20000_rng1701,position_error_px,"[-53.970381904891184, 5.243885353808887, 22.194421258242414]",test,pusht,64,39.989013814861565
transformer,"[-2.083333333333333, 8.854166666666668]",framewise,"[0, 2]",core,positive,3.125,fixed_training_task_cluster_20000_rng1701,success,"[0.0, 6.25, 3.125]",test,pusht,64,3.125
transformer,"[-0.140625, 1.5885416666666667]",framewise,"[0, 2]",core,positive,0.6302083333333334,fixed_training_task_cluster_20000_rng1701,budget_penalized_commands,"[-0.421875, 1.40625, 0.90625]",test,pusht,64,0.9448065967214314
transformer,"[-71.39322093827508, 13.265669913740483]",framewise,"[0, 2]",core,positive,-22.4694512879994,fixed_training_task_cluster_20000_rng1701,block_translation_error_px,"[-9.469159087263911, -54.44530970256157, -3.4938850741727165]",test,pusht,64,27.852605190430136
transformer,"[-3.857443647026377, 56.74783546127597]",framewise,"[0, 2]",core,positive,24.899751784355498,fixed_training_task_cluster_20000_rng1701,agent_position_error_px,"[17.286620065852656, 66.47968898120594, -9.0670536939921]",test,pusht,64,38.344457397785696
transformer,"[-0.173640804167744, 0.1569331312458519]",framewise,"[0, 2]",core,positive,-0.010687032359411505,fixed_training_task_cluster_20000_rng1701,block_angle_error_rad,"[-0.1252513411501741, 0.11740494575572136, -0.024214701683781745]",test,pusht,64,0.12189243935433892
transformer,"[-56.87886385961134, 43.57841234949855]",framewise,"[0, 2]",core,positive,-1.4606790115471948,fixed_training_task_cluster_20000_rng1701,position_error_px,"[5.996039669143814, -0.13436206479090984, -10.24371463899448]",test,pusht,64,8.200715973597289
transformer,"[-6.25, 1.5625000000000004]",framewise,"[1, 0]",core,positive,-2.0833333333333335,fixed_training_task_cluster_20000_rng1701,success,"[-7.8125, 0.0, 1.5625]",test,pusht,64,5.022734771350497
transformer,"[-1.1458333333333335, 0.6614583333333334]",framewise,"[1, 0]",core,positive,-0.20833333333333334,fixed_training_task_cluster_20000_rng1701,budget_penalized_commands,"[-0.90625, 0.421875, -0.140625]",test,pusht,64,0.666646321304133
transformer,"[-19.11267423807868, -2.7635842834303586]",framewise,"[1, 0]",core,positive,-10.815241844818294,fixed_training_task_cluster_20000_rng1701,block_translation_error_px,"[-6.900459976244452, -12.024604411679187, -13.520661146531246]",test,pusht,64,3.4718416218715875
transformer,"[-86.8468556092032, -21.54508374450864]",framewise,"[1, 0]",core,positive,-53.94017354034664,fixed_training_task_cluster_20000_rng1701,agent_position_error_px,"[-28.15334927794844, -57.36011580768762, -76.30705553540386]",test,pusht,64,24.25833589544601
transformer,"[-0.14213372032091898, 0.05209400778651765]",framewise,"[1, 0]",core,positive,-0.042354666318080124,fixed_training_task_cluster_20000_rng1701,block_angle_error_rad,"[-0.058508676691382946, 0.006748968550025242, -0.07530429081288267]",test,pusht,64,0.043346261446343216
transformer,"[-89.90453970175072, -26.21307082075438]",framewise,"[1, 0]",core,positive,-57.95056103747442,fixed_training_task_cluster_20000_rng1701,position_error_px,"[-30.337332361357962, -61.15145654783399, -82.36289420323136]",test,pusht,64,26.160066328123644
transformer,"[-2.604166666666667, 1.5625]",framewise,"[1, 1]",core,positive,-0.5208333333333334,fixed_training_task_cluster_20000_rng1701,success,"[3.125, -3.125, -1.5625]",test,pusht,64,3.2526031241658324
transformer,"[-0.3020833333333333, 0.5364583333333333]",framewise,"[1, 1]",core,positive,0.078125,fixed_training_task_cluster_20000_rng1701,budget_penalized_commands,"[0.765625, -0.34375, -0.1875]",test,pusht,64,0.6004962140804886
transformer,"[-83.30626912408479, -19.402565441097355]",framewise,"[1, 1]",core,positive,-49.12594037865736,fixed_training_task_cluster_20000_rng1701,block_translation_error_px,"[-40.64485526980865, -50.053137047118305, -56.679828819045156]",test,pusht,64,8.057596690557451
transformer,"[-154.3491490237806, -50.23460653291402]",framewise,"[1, 1]",core,positive,-101.46036490533845,fixed_training_task_cluster_20000_rng1701,agent_position_error_px,"[-80.61182528164755, -106.5416649770531, -117.22760445731468]",test,pusht,64,18.829326301660668
transformer,"[-0.30681363103888437, 0.019354436928012322]",framewise,"[1, 1]",core,positive,-0.14428157824744026,fixed_training_task_cluster_20000_rng1701,block_angle_error_rad,"[-0.06801285471488255, -0.2583138634831088, -0.10651801654432942]",test,pusht,64,0.10061403196835732
transformer,"[-175.62000803966703, -66.7226319851911]",framewise,"[1, 1]",core,positive,-120.29755250622873,fixed_training_task_cluster_20000_rng1701,position_error_px,"[-93.54976680608429, -128.36433367632017, -138.97855703628179]",test,pusht,64,23.764436965335996
transformer,"[-1.0416666666666667, 3.125]",framewise,"[1, 2]",core,positive,1.0416666666666667,fixed_training_task_cluster_20000_rng1701,success,"[-1.5625, 3.125, 1.5625]",test,pusht,64,2.386758174456167
transformer,"[-0.28645833333333337, 0.46874999999999994]",framewise,"[1, 2]",core,positive,0.078125,fixed_training_task_cluster_20000_rng1701,budget_penalized_commands,"[-0.359375, 0.1875, 0.40625]",test,pusht,64,0.39435717075387383
transformer,"[-94.06893190145006, -45.41183520518457]",framewise,"[1, 2]",core,positive,-69.34998858975194,fixed_training_task_cluster_20000_rng1701,block_translation_error_px,"[-88.75553540509537, -46.50920712934932, -72.78522323481114]",test,pusht,64,21.33163591934492
transformer,"[-128.53514099782035, -37.58744725595987]",framewise,"[1, 2]",core,positive,-82.45732197009535,fixed_training_task_cluster_20000_rng1701,agent_position_error_px,"[-96.53946242474683, -50.63108333120222, -100.20142015433699]",test,pusht,64,27.62308062161345
transformer,"[-0.25087094543242555, 0.11342873801288565]",framewise,"[1, 2]",core,positive,-0.06664878839422107,fixed_training_task_cluster_20000_rng1701,block_angle_error_rad,"[-0.12202137879319658, 0.041439661453348965, -0.11936464784281556]",test,pusht,64,0.09361676825053124
transformer,"[-164.3866934236044, -73.90926345328931]",framewise,"[1, 2]",core,positive,-118.8261143910796,fixed_training_task_cluster_20000_rng1701,position_error_px,"[-140.83725629700683, -84.91994172252919, -130.72114515370276]",test,pusht,64,29.796062406601415
transformer,"[-5.208333333333334, 1.0416666666666667]",framewise,"[2, 0]",core,positive,-1.5625,fixed_training_task_cluster_20000_rng1701,success,"[-1.5625, -1.5625, -1.5625]",test,pusht,64,0.0
transformer,"[-1.1770833333333333, 0.17708333333333334]",framewise,"[2, 0]",core,positive,-0.3541666666666667,fixed_training_task_cluster_20000_rng1701,budget_penalized_commands,"[-0.46875, -0.296875, -0.296875]",test,pusht,64,0.09923207751696693
transformer,"[-9.430967872944331, 2.3701367329751735]",framewise,"[2, 0]",core,positive,-3.2991886142472517,fixed_training_task_cluster_20000_rng1701,block_translation_error_px,"[-6.317700349825849, -2.746059893126919, -0.8338055997889895]",test,pusht,64,2.7834760541392516
transformer,"[-112.68724161284138, -25.581220680045867]",framewise,"[2, 0]",core,positive,-70.41520715416557,fixed_training_task_cluster_20000_rng1701,agent_position_error_px,"[-68.1576936044834, -78.88664957077619, -64.20127828723713]",test,pusht,64,7.598506958876681
transformer,"[-0.04493786022542722, 0.07724477612671482]",framewise,"[2, 0]",core,positive,0.016985825853257933,fixed_training_task_cluster_20000_rng1701,block_angle_error_rad,"[0.07205226074267632, -0.03695943326516219, 0.015864650082259672]",test,pusht,64,0.05451449471422035
transformer,"[-112.33593962815881, -26.279166945547292]",framewise,"[2, 0]",core,positive,-70.65194529758821,fixed_training_task_cluster_20000_rng1701,position_error_px,"[-69.62706875479489, -79.85405990521306, -62.47470723275667]",test,pusht,64,8.734887164375982
transformer,"[-1.0416666666666667, 2.604166666666667]",framewise,"[2, 1]",core,positive,0.5208333333333334,fixed_training_task_cluster_20000_rng1701,success,"[0.0, 0.0, 1.5625]",test,pusht,64,0.9021097956087902
transformer,"[-0.14583333333333334, 0.6666666666666666]",framewise,"[2, 1]",core,positive,0.203125,fixed_training_task_cluster_20000_rng1701,budget_penalized_commands,"[0.078125, 0.0, 0.53125]",test,pusht,64,0.28683687110446593
transformer,"[-28.205476213150106, 7.902365628586083]",framewise,"[2, 1]",core,positive,-9.82400457343338,fixed_training_task_cluster_20000_rng1701,block_translation_error_px,"[-14.263498936536212, -8.40089595462683, -6.807618829137099]",test,pusht,64,3.926380731624045
transformer,"[-93.18842193777273, 14.235918579512814]",framewise,"[2, 1]",core,positive,-40.737196685798125,fixed_training_task_cluster_20000_rng1701,agent_position_error_px,"[-45.02991399223532, -32.168342426641196, -45.01333363851785]",test,pusht,64,7.420850100428939
transformer,"[-0.17971531718594516, 0.11127784835259538]",framewise,"[2, 1]",core,positive,-0.03302106900896428,fixed_training_task_cluster_20000_rng1701,block_angle_error_rad,"[-0.0551083471365836, 0.048196465078732695, -0.09215132496904194]",test,pusht,64,0.07273418339500805
transformer,"[-91.5381213813072, 6.974065417823857]",framewise,"[2, 1]",core,positive,-42.56476406505585,fixed_training_task_cluster_20000_rng1701,position_error_px,"[-47.484869513456644, -37.457038027055034, -42.752384654655856]",test,pusht,64,5.01654783632612
transformer,"[-3.6458333333333335, 1.5625]",framewise,"[2, 2]",core,positive,-1.0416666666666667,fixed_training_task_cluster_20000_rng1701,success,"[0.0, -1.5625, -1.5625]",test,pusht,64,0.9021097956087903
transformer,"[-0.45833333333333337, 0.5]",framewise,"[2, 2]",core,positive,-0.005208333333333333,fixed_training_task_cluster_20000_rng1701,budget_penalized_commands,"[0.171875, 0.078125, -0.265625]",test,pusht,64,0.23034733736974983
transformer,"[-43.13241352849596, 3.632859933878779]",framewise,"[2, 2]",core,positive,-19.043469245859555,fixed_training_task_cluster_20000_rng1701,block_translation_error_px,"[-37.26258030447737, 10.207474768231652, -30.075302201332946]",test,pusht,64,25.585690061430988
transformer,"[-94.00186601094518, -20.05691267756257]",framewise,"[2, 2]",core,positive,-56.9140425501449,fixed_training_task_cluster_20000_rng1701,agent_position_error_px,"[-61.277227770739444, -56.44199069128858, -53.022909188406665]",test,pusht,64,4.14735681280841
transformer,"[-0.21428372935742582, 0.09913440276464831]",framewise,"[2, 2]",core,positive,-0.05335856114139587,fixed_training_task_cluster_20000_rng1701,block_angle_error_rad,"[-0.022030896401406673, -0.20971489926246883, 0.0716701122396879]",test,pusht,64,0.143284500585594
transformer,"[-101.32738963104622, -28.07028474368028]",framewise,"[2, 2]",core,positive,-64.65178101700137,fixed_training_task_cluster_20000_rng1701,position_error_px,"[-77.1355791145166, -43.4937639337776, -73.32600000270989]",test,pusht,64,18.42211954208228
transformer,"[-1.1574074074074074, 1.4467592592592595]",single,all,core,positive,0.17361111111111116,fixed_training_task_cluster_20000_rng1701,success,"[0.34722222222222215, -0.3472222222222221, 0.5208333333333333]",test,pusht,64,0.45933182483760243
transformer,"[-0.19214409722222228, 0.49769965277777645]",single,all,core,positive,0.14583333333333337,fixed_training_task_cluster_20000_rng1701,budget_penalized_commands,"[-0.0017361111111111188, 0.09722222222222222, 0.3420138888888889]",test,pusht,64,0.17695563205954368
transformer,"[-1.8098825175241748, 18.499892698088072]",single,all,core,positive,7.750698845396399,fixed_training_task_cluster_20000_rng1701,block_translation_error_px,"[3.513624947173535, 15.993475877913172, 3.7449957111024865]",test,pusht,64,7.139391641690473
transformer,"[-27.983378022004352, -0.5996541448516481]",single,all,core,positive,-14.097750728677468,fixed_training_task_cluster_20000_rng1701,agent_position_error_px,"[-12.02128509246915, -16.22872945140609, -14.043237642157166]",test,pusht,64,2.104251830423119
transformer,"[-0.01897733322854489, 0.07305287244251536]",single,all,core,positive,0.02715653290367606,fixed_training_task_cluster_20000_rng1701,block_angle_error_rad,"[0.05637909826875701, 0.03650298659611846, -0.011412486153847292]",test,pusht,64,0.03484884326775423
transformer,"[-23.65471564192796, 8.508982258883766]",single,all,core,positive,-7.879038312439294,fixed_training_task_cluster_20000_rng1701,position_error_px,"[-8.141614567228277, -5.214691569970441, -10.280808800119164]",test,pusht,64,2.5432451050944147
transformer,"[-2.604166666666667, 6.770833333333334]",single,"[0, 0]",core,positive,2.0833333333333335,fixed_training_task_cluster_20000_rng1701,success,"[0.0, 6.25, 0.0]",test,pusht,64,3.608439182435161
transformer,"[-0.16666666666666663, 1.7239583333333335]",single,"[0, 0]",core,positive,0.7291666666666666,fixed_training_task_cluster_20000_rng1701,budget_penalized_commands,"[0.125, 1.25, 0.8125]",test,pusht,64,0.5671107328673416
transformer,"[-3.6778346680152976, 2.842708920823825]",single,"[0, 0]",core,positive,-0.48784010451909277,fixed_training_task_cluster_20000_rng1701,block_translation_error_px,"[2.6064099144577995, -2.9573766114602997, -1.1125536165547794]",test,pusht,64,2.8340131184570967
transformer,"[-16.20752538248271, 13.908700053776013]",single,"[0, 0]",core,positive,-0.6207195880998709,fixed_training_task_cluster_20000_rng1701,agent_position_error_px,"[-8.565069547299288, 1.3505302131751027, 5.352380569824572]",test,pusht,64,7.165069697841584
transformer,"[-0.05346607416777921, 0.017812490000634673]",single,"[0, 0]",core,positive,-0.018132292998985496,fixed_training_task_cluster_20000_rng1701,block_angle_error_rad,"[0.004200547357794952, -0.07064788243171063, 0.012050456076959197]",test,pusht,64,0.045648884069873136
transformer,"[-15.767415013041026, 13.742568856242384]",single,"[0, 0]",core,positive,-0.3563857017455276,fixed_training_task_cluster_20000_rng1701,position_error_px,"[-6.732183541623425, 0.3078265347523572, 5.3551999016344904]",test,pusht,64,6.071004286559312
transformer,"[-5.208333333333334, 5.208333333333334]",single,"[0, 1]",core,positive,0.0,fixed_training_task_cluster_20000_rng1701,success,"[3.125, -3.125, 0.0]",test,pusht,64,3.125
transformer,"[-0.6458333333333334, 1.4739583333333335]",single,"[0, 1]",core,positive,0.3541666666666667,fixed_training_task_cluster_20000_rng1701,budget_penalized_commands,"[0.234375, 0.109375, 0.71875]",test,pusht,64,0.32186488657250784
transformer,"[-18.31347083457522, 11.575117011519527]",single,"[0, 1]",core,positive,-3.098116750380545,fixed_training_task_cluster_20000_rng1701,block_translation_error_px,"[-1.7486052428771295, 14.314752013825405, -21.860497022089913]",test,pusht,64,18.12534266391359
transformer,"[-34.05567388028931, 17.16077261464536]",single,"[0, 1]",core,positive,-8.532099929741616,fixed_training_task_cluster_20000_rng1701,agent_position_error_px,"[-8.698797116485537, -24.237437603908244, 7.3399349311689335]",test,pusht,64,15.789346250520092
transformer,"[-0.10964797235494332, 0.10842091496942227]",single,"[0, 1]",core,positive,-0.002075223203705489,fixed_training_task_cluster_20000_rng1701,block_angle_error_rad,"[0.11135860582798537, 0.029796866926989712, -0.14738114236609157]",test,pusht,64,0.1322816575374604
transformer,"[-34.58554838931672, 16.99548220290402]",single,"[0, 1]",core,positive,-8.898252542658964,fixed_training_task_cluster_20000_rng1701,position_error_px,"[-8.063578188213608, -11.246138057753233, -7.385041382010048]",test,pusht,64,2.0614382948163517
transformer,"[-0.5208333333333334, 5.208333333333334]",single,"[0, 2]",core,positive,2.0833333333333335,fixed_training_task_cluster_20000_rng1701,success,"[3.125, 1.5625, 1.5625]",test,pusht,64,0.9021097956087902
transformer,"[-0.22395833333333331, 1.53125]",single,"[0, 2]",core,positive,0.609375,fixed_training_task_cluster_20000_rng1701,budget_penalized_commands,"[0.296875, 0.453125, 1.078125]",test,pusht,64,0.41339864235384227
transformer,"[-82.29437419115591, 2.670960950353082]",single,"[0, 2]",core,positive,-32.173440013803095,fixed_training_task_cluster_20000_rng1701,block_translation_error_px,"[-18.465831840636824, -53.91214330467837, -24.142344896094116]",test,pusht,64,19.039015617770986
transformer,"[1.3689540434609686, 56.61825341220751]",single,"[0, 2]",core,positive,28.899133491017256,fixed_training_task_cluster_20000_rng1701,agent_position_error_px,"[33.910880989962834, 54.263061074284934, -1.4765415911960034]",test,pusht,64,28.2057447352718
transformer,"[-0.1777341033909928, 0.1332905815811715]",single,"[0, 2]",core,positive,-0.021750421430413145,fixed_training_task_cluster_20000_rng1701,block_angle_error_rad,"[0.01994101783067334, 0.03438595449377713, -0.11957823661568989]",test,pusht,64,0.08502867232142207
transformer,"[-59.86258876845166, 37.987918027776416]",single,"[0, 2]",core,positive,-3.9023931454209673,fixed_training_task_cluster_20000_rng1701,position_error_px,"[15.709307431421198, -12.514051951486035, -14.902434916198052]",test,pusht,64,17.026162014186138
transformer,"[-3.6458333333333335, 4.6875]",single,"[1, 0]",core,positive,0.5208333333333334,fixed_training_task_cluster_20000_rng1701,success,"[-3.125, -1.5625, 6.25]",test,pusht,64,5.022734771350498
transformer,"[-1.1666666666666665, 1.171875]",single,"[1, 0]",core,positive,0.057291666666666664,fixed_training_task_cluster_20000_rng1701,budget_penalized_commands,"[-0.921875, 0.171875, 0.921875]",test,pusht,64,0.927200367144736
transformer,"[9.493123830699016, 27.69902294065727]",single,"[1, 0]",core,positive,18.420928676990417,fixed_training_task_cluster_20000_rng1701,block_translation_error_px,"[16.574453042768234, 25.160039581586247, 13.528293406616765]",test,pusht,64,6.031706555408796
transformer,"[-26.03984754379308, 32.513894134268575]",single,"[1, 0]",core,positive,3.9813632962751506,fixed_training_task_cluster_20000_rng1701,agent_position_error_px,"[16.91999367340802, 8.152093986349215, -13.127997770931767]",test,pusht,64,15.452077314284427
transformer,"[0.02037370534052464, 0.2001500472594836]",single,"[1, 0]",core,positive,0.11003709465546917,fixed_training_task_cluster_20000_rng1701,block_angle_error_rad,"[0.0828370493074452, 0.16419124413991107, 0.08308299051905121]",test,pusht,64,0.04689903039037536
transformer,"[-17.133072529625277, 40.55989404629488]",single,"[1, 0]",core,positive,12.432115397090252,fixed_training_task_cluster_20000_rng1701,position_error_px,"[24.57488613620098, 21.653955736640068, -8.932495681570284]",test,pusht,64,18.559846807196127
transformer,"[-4.166666666666667, 1.5625]",single,"[1, 1]",core,positive,-1.0416666666666667,fixed_training_task_cluster_20000_rng1701,success,"[0.0, -3.125, 0.0]",test,pusht,64,1.8042195912175805
transformer,"[-0.3333333333333333, 0.5364583333333333]",single,"[1, 1]",core,positive,0.06770833333333333,fixed_training_task_cluster_20000_rng1701,budget_penalized_commands,"[0.421875, -0.21875, 0.0]",test,pusht,64,0.32563539650709555
transformer,"[-23.559714199841515, 54.41133192945384]",single,"[1, 1]",core,positive,14.9179488127595,fixed_training_task_cluster_20000_rng1701,block_translation_error_px,"[18.60391774644881, 10.05573448337472, 16.09419420845498]",test,pusht,64,4.3938052071008
transformer,"[-81.93622056139962, 14.008383098684668]",single,"[1, 1]",core,positive,-32.15826146089295,fixed_training_task_cluster_20000_rng1701,agent_position_error_px,"[-0.7243647488980471, -45.203089197504106, -50.5473304362767]",test,pusht,64,27.35338416868784
transformer,"[-0.12396064123129505, 0.19187998011269025]",single,"[1, 1]",core,positive,0.03229898929750429,fixed_training_task_cluster_20000_rng1701,block_angle_error_rad,"[0.1555995511287577, -0.163959352583278, 0.10525676934703314]",test,pusht,64,0.17181851322755096
transformer,"[-72.00356530162806, 35.43324261060958]",single,"[1, 1]",core,positive,-18.049959654911962,fixed_training_task_cluster_20000_rng1701,position_error_px,"[11.49052772317972, -30.20977887948464, -35.43062780843095]",test,pusht,64,25.715649161281448
transformer,"[-3.125, 2.604166666666667]",single,"[1, 2]",core,positive,0.0,fixed_training_task_cluster_20000_rng1701,success,"[-1.5625, 1.5625, 0.0]",test,pusht,64,1.5625
transformer,"[-0.7135416666666666, 0.4270833333333333]",single,"[1, 2]",core,positive,-0.10416666666666667,fixed_training_task_cluster_20000_rng1701,budget_penalized_commands,"[-0.34375, -0.078125, 0.109375]",test,pusht,64,0.22768221869160826
transformer,"[-23.171115466031768, 102.89345101323615]",single,"[1, 2]",core,positive,27.970114428285655,fixed_training_task_cluster_20000_rng1701,block_translation_error_px,"[-53.2160569829404, 106.17213798520949, 30.95426228258789]",test,pusht,64,79.73598953805923
transformer,"[-56.50214812244798, 33.325758908764946]",single,"[1, 2]",core,positive,-11.725309024238795,fixed_training_task_cluster_20000_rng1701,agent_position_error_px,"[-21.486077516262103, 4.1014363237215825, -17.791285880175867]",test,pusht,64,13.830302691568695
transformer,"[-0.13811092097957717, 0.2376637606829041]",single,"[1, 2]",core,positive,0.05040144530514573,fixed_training_task_cluster_20000_rng1701,block_angle_error_rad,"[0.045498900500338814, 0.20243098158201706, -0.0967255461669187]",test,pusht,64,0.14963850852261357
transformer,"[-50.952465460514645, 99.23223379595605]",single,"[1, 2]",core,positive,15.545142080066872,fixed_training_task_cluster_20000_rng1701,position_error_px,"[-59.377042399661946, 90.04366953664643, 15.968799103216146]",test,pusht,64,74.71125686831444
transformer,"[-8.333333333333332, 0.5208333333333334]",single,"[2, 0]",core,positive,-3.125,fixed_training_task_cluster_20000_rng1701,success,"[-1.5625, -4.6875, -3.125]",test,pusht,64,1.5625
transformer,"[-2.0885416666666665, 0.16145833333333334]",single,"[2, 0]",core,positive,-0.7083333333333334,fixed_training_task_cluster_20000_rng1701,budget_penalized_commands,"[-0.609375, -0.859375, -0.65625]",test,pusht,64,0.13288907106430284
transformer,"[-1.1642206704544424, 11.4252816047624]",single,"[2, 0]",core,positive,4.884235516763959,fixed_training_task_cluster_20000_rng1701,block_translation_error_px,"[5.170282083940252, 0.8813213490554377, 8.601103117296189]",test,pusht,64,3.8678320305127754
transformer,"[-80.63002004834956, 10.228787247577696]",single,"[2, 0]",core,positive,-34.410700497329756,fixed_training_task_cluster_20000_rng1701,agent_position_error_px,"[-30.79098218729514, -67.37963423592787, -5.06148506876626]",test,pusht,64,31.316364721789647
transformer,"[-0.02555810400201071, 0.10587259615724205]",single,"[2, 0]",core,positive,0.03893546233356094,fixed_training_task_cluster_20000_rng1701,block_angle_error_rad,"[0.06671384752207019, 0.04321946797747401, 0.006873071501138611]",test,pusht,64,0.030149529796742007
transformer,"[-78.53915498274363, 11.790061244906624]",single,"[2, 0]",core,positive,-32.393915287836684,fixed_training_task_cluster_20000_rng1701,position_error_px,"[-27.317083310590295, -66.94510798025915, -2.9195545726605907]",test,pusht,64,32.313287351818715
transformer,"[-1.5625, 2.604166666666667]",single,"[2, 1]",core,positive,0.5208333333333334,fixed_training_task_cluster_20000_rng1701,success,"[1.5625, 0.0, 0.0]",test,pusht,64,0.9021097956087902
transformer,"[-0.4272135416666666, 0.7083333333333334]",single,"[2, 1]",core,positive,0.13541666666666666,fixed_training_task_cluster_20000_rng1701,budget_penalized_commands,"[0.3125, 0.0, 0.09375]",test,pusht,64,0.16036254498271513
transformer,"[-7.047639436425383, 48.34131910511167]",single,"[2, 1]",core,positive,17.70489529653666,fixed_training_task_cluster_20000_rng1701,block_translation_error_px,"[35.06312134435712, 9.027554455471854, 9.024010089781012]",test,pusht,64,15.03266482650553
transformer,"[-73.84666829922611, 21.027324608545424]",single,"[2, 1]",core,positive,-27.756709797143426,fixed_training_task_cluster_20000_rng1701,agent_position_error_px,"[-33.80452686577303, 9.112213684012582, -58.577816209669834]",test,pusht,64,34.247877382746076
transformer,"[-0.09855197623267574, 0.21932509336416178]",single,"[2, 1]",core,positive,0.059225656583066145,fixed_training_task_cluster_20000_rng1701,block_angle_error_rad,"[0.02315739354079041, 0.07569379858426176, 0.07882577762414628]",test,pusht,64,0.031275262146649774
transformer,"[-60.00306042858388, 39.26884209177759]",single,"[2, 1]",core,positive,-12.202402019757173,fixed_training_task_cluster_20000_rng1701,position_error_px,"[3.0501294713960974, 10.114900308346867, -49.77223583901447]",test,pusht,64,32.72761917172734
transformer,"[-1.0416666666666667, 2.0833333333333335]",single,"[2, 2]",core,positive,0.5208333333333334,fixed_training_task_cluster_20000_rng1701,success,"[1.5625, 0.0, 0.0]",test,pusht,64,0.9021097956087902
transformer,"[-0.17708333333333334, 0.625]",single,"[2, 2]",core,positive,0.171875,fixed_training_task_cluster_20000_rng1701,budget_penalized_commands,"[0.46875, 0.046875, 0.0]",test,pusht,64,0.258167369404036
transformer,"[-2.211490489228053, 46.28658543840022]",single,"[2, 2]",core,positive,21.61756374593411,fixed_training_task_cluster_20000_rng1701,block_translation_error_px,"[27.034934459043946, 35.19926294883406, 2.6184938299243363]",test,pusht,64,16.952508905096334
transformer,"[-83.36524205820943, -6.015552037510195]",single,"[2, 2]",core,positive,-44.5564530479432,fixed_training_task_cluster_20000_rng1701,agent_position_error_px,"[-54.95262251358004, -86.217739306858, 7.5010026766084135]",test,pusht,64,47.71646366202725
transformer,"[-0.15875099272655183, 0.14959538232181954]",single,"[2, 2]",core,positive,-0.004531914408557537,fixed_training_task_cluster_20000_rng1701,block_angle_error_rad,"[-0.0018950285970428526, 0.013415800675624145, -0.025116515304253885]",test,pusht,64,0.019401023652903384
transformer,"[-61.1205374482706, 14.039476131786177]",single,"[2, 2]",core,positive,-23.085293936779482,fixed_training_task_cluster_20000_rng1701,position_error_px,"[-26.609494427163195, -48.13749937713655, 5.491111993961294]",test,pusht,64,26.987441175857647
transformer,"[-1.099537037037037, 1.099537037037037]",factorized_unpaired,all,core,positive,7.401486830834377e-17,fixed_training_task_cluster_20000_rng1701,success,"[-0.17361111111111116, -0.8680555555555555, 1.0416666666666665]",test,pusht,64,0.9666257574357675
transformer,"[-0.17188946759259258, 0.25115740740740744]",factorized_unpaired,all,core,positive,0.04224537037037035,fixed_training_task_cluster_20000_rng1701,budget_penalized_commands,"[-0.09201388888888891, -0.036458333333333336, 0.2552083333333333]",test,pusht,64,0.1865114544304045
transformer,"[-7.417094895936293, 7.105611209196019]",factorized_unpaired,all,core,positive,0.2855508270185852,fixed_training_task_cluster_20000_rng1701,block_translation_error_px,"[-2.6927720387391796, -5.495289614663795, 9.044714134458728]",test,pusht,64,7.7139958890088804
transformer,"[-13.482016047225413, 2.7197563975691974]",factorized_unpaired,all,core,positive,-5.2029626062331875,fixed_training_task_cluster_20000_rng1701,agent_position_error_px,"[0.3816677037307552, -5.056201472074649, -10.934354050355664]",test,pusht,64,5.659438241346388
transformer,"[-0.004234444483254204, 0.07239329861304107]",factorized_unpaired,all,core,positive,0.03342720031723515,fixed_training_task_cluster_20000_rng1701,block_angle_error_rad,"[0.05187779609117627, 0.04703313743589675, 0.0013706674246324255]",test,pusht,64,0.02786725058545306
transformer,"[-14.762320284202584, 4.218479792533028]",factorized_unpaired,all,core,positive,-5.017243653293504,fixed_training_task_cluster_20000_rng1701,position_error_px,"[-2.503456744030248, -10.796629471361834, -1.7516447444884289]",test,pusht,64,5.019191234275775
transformer,"[-3.125, 4.166666666666667]",factorized_unpaired,"[0, 0]",core,positive,0.5208333333333334,fixed_training_task_cluster_20000_rng1701,success,"[0.0, -4.6875, 6.25]",test,pusht,64,5.487319662944135
transformer,"[-0.7395833333333334, 0.71875]",factorized_unpaired,"[0, 0]",core,positive,-0.005208333333333333,fixed_training_task_cluster_20000_rng1701,budget_penalized_commands,"[-0.34375, -0.484375, 0.8125]",test,pusht,64,0.7116382764145935
transformer,"[-0.07855613571630411, 5.116715655077597]",factorized_unpaired,"[0, 0]",core,positive,2.3750659541452745,fixed_training_task_cluster_20000_rng1701,block_translation_error_px,"[5.5736684520676585, -0.39380161278025017, 1.9453310231484164]",test,pusht,64,3.0068553052821034
transformer,"[-9.328938201234989, 9.422261977660293]",factorized_unpaired,"[0, 0]",core,positive,-0.19927912060540987,fixed_training_task_cluster_20000_rng1701,agent_position_error_px,"[2.143769736254311, -6.561996071744212, 3.8203889736736745]",test,pusht,64,5.573678163210805
transformer,"[-0.013641911272452257, 0.04959953709725515]",factorized_unpaired,"[0, 0]",core,positive,0.015818630991257677,fixed_training_task_cluster_20000_rng1701,block_angle_error_rad,"[0.026750275526239528, -0.0001975384861401877, 0.020903155933673694]",test,pusht,64,0.014175170737207721
transformer,"[-8.071135707912015, 10.335023242960057]",factorized_unpaired,"[0, 0]",core,positive,0.9001868479352355,fixed_training_task_cluster_20000_rng1701,position_error_px,"[4.735468759172019, -6.690577554809454, 4.655669339443138]",test,pusht,64,6.573915891637891
transformer,"[-3.6458333333333335, 6.25]",factorized_unpaired,"[0, 1]",core,positive,1.0416666666666667,fixed_training_task_cluster_20000_rng1701,success,"[3.125, -1.5625, 1.5625]",test,pusht,64,2.386758174456167
transformer,"[-0.4895833333333333, 1.078125]",factorized_unpaired,"[0, 1]",core,positive,0.23958333333333334,fixed_training_task_cluster_20000_rng1701,budget_penalized_commands,"[0.390625, -0.09375, 0.421875]",test,pusht,64,0.28909768929953994
transformer,"[-10.06488443589051, 7.128503108638114]",factorized_unpaired,"[0, 1]",core,positive,-1.41012172799928,fixed_training_task_cluster_20000_rng1701,block_translation_error_px,"[8.350259078228262, -12.455478435146665, -0.12514582707943944]",test,pusht,64,10.46222015961826
transformer,"[-20.183887125632307, 17.736367725014016]",factorized_unpaired,"[0, 1]",core,positive,-1.3230552944639522,fixed_training_task_cluster_20000_rng1701,agent_position_error_px,"[-5.631884299721872, -16.240326108381723, 17.903044524711735]",test,pusht,64,17.474751646149684
transformer,"[-0.04479887219051529, 0.16620848198209892]",factorized_unpaired,"[0, 1]",core,positive,0.05878757337635545,fixed_training_task_cluster_20000_rng1701,block_angle_error_rad,"[0.23892199358978677, -0.010901241727442241, -0.05165803173327818]",test,pusht,64,0.15732636775860792
transformer,"[-22.22849884451443, 14.02037801816372]",factorized_unpaired,"[0, 1]",core,positive,-4.2100865350843675,fixed_training_task_cluster_20000_rng1701,position_error_px,"[-0.46822663912232176, -24.54754309298886, 12.38551012685809]",test,pusht,64,18.748699732135258
transformer,"[-3.1249999999999996, 4.6875]",factorized_unpaired,"[0, 2]",core,positive,1.0416666666666667,fixed_training_task_cluster_20000_rng1701,success,"[0.0, 3.125, 0.0]",test,pusht,64,1.8042195912175805
transformer,"[-0.46367187499999996, 0.6927083333333333]",factorized_unpaired,"[0, 2]",core,positive,0.11979166666666667,fixed_training_task_cluster_20000_rng1701,budget_penalized_commands,"[-0.125, 0.234375, 0.25]",test,pusht,64,0.2121397068168365
transformer,"[-58.41149880044157, 17.40336234560709]",factorized_unpaired,"[0, 2]",core,positive,-15.551506714186909,fixed_training_task_cluster_20000_rng1701,block_translation_error_px,"[2.1115818303915326, -37.82797651199795, -10.938125460954337]",test,pusht,64,20.365523442500606
transformer,"[-25.374619798725742, 25.644061902688676]",factorized_unpaired,"[0, 2]",core,positive,0.7099478632035309,fixed_training_task_cluster_20000_rng1701,agent_position_error_px,"[4.9938490834169365, 22.82727085858752, -25.691276352393853]",test,pusht,64,24.541316450314287
transformer,"[-0.12281786507018438, 0.13208963420300252]",factorized_unpaired,"[0, 2]",core,positive,0.0038155637514865406,fixed_training_task_cluster_20000_rng1701,block_angle_error_rad,"[-0.005754871597423265, 0.15445334732114038, -0.1372517844692575]",test,pusht,64,0.14608787048481847
transformer,"[-63.66608387261712, 23.848790502115275]",factorized_unpaired,"[0, 2]",core,positive,-14.476369460533078,fixed_training_task_cluster_20000_rng1701,position_error_px,"[6.791436588645498, -22.535961638834966, -27.684583331409787]",test,pusht,64,18.597493297281243
transformer,"[-3.6458333333333335, 2.604166666666667]",factorized_unpaired,"[1, 0]",core,positive,-0.5208333333333334,fixed_training_task_cluster_20000_rng1701,success,"[-1.5625, -1.5625, 1.5625]",test,pusht,64,1.8042195912175805
transformer,"[-0.265625, 0.7760416666666667]",factorized_unpaired,"[1, 0]",core,positive,0.22916666666666666,fixed_training_task_cluster_20000_rng1701,budget_penalized_commands,"[-0.265625, 0.515625, 0.4375]",test,pusht,64,0.4302789490067267
transformer,"[-1.6701448370843046, 12.491879840805394]",factorized_unpaired,"[1, 0]",core,positive,5.304680820095764,fixed_training_task_cluster_20000_rng1701,block_translation_error_px,"[11.994492801776483, 7.539599520333153, -3.620049861822343]",test,pusht,64,8.04360813601956
transformer,"[-13.718620830775162, 24.660848603618476]",factorized_unpaired,"[1, 0]",core,positive,5.848223095320958,fixed_training_task_cluster_20000_rng1701,agent_position_error_px,"[4.3906313141134135, 16.347473556042225, -3.1934355841927595]",test,pusht,64,9.851660411180067
transformer,"[-0.056519548365750745, 0.08388299824381129]",factorized_unpaired,"[1, 0]",core,positive,0.010664170234844205,fixed_training_task_cluster_20000_rng1701,block_angle_error_rad,"[0.03968260056810737, -0.016405392876578037, 0.00871530301300328]",test,pusht,64,0.02809473820395988
transformer,"[-11.98731670652826, 25.793459873295586]",factorized_unpaired,"[1, 0]",core,positive,7.238041374367192,fixed_training_task_cluster_20000_rng1701,position_error_px,"[7.050130500295813, 20.276770213715054, -5.612776590909293]",test,pusht,64,12.945796279474445
transformer,"[-1.0416666666666667, 2.6041666666666665]",factorized_unpaired,"[1, 1]",core,positive,0.5208333333333334,fixed_training_task_cluster_20000_rng1701,success,"[1.5625, 0.0, 0.0]",test,pusht,64,0.9021097956087902
transformer,"[-0.15625, 0.609375]",factorized_unpaired,"[1, 1]",core,positive,0.17708333333333334,fixed_training_task_cluster_20000_rng1701,budget_penalized_commands,"[0.53125, 0.0, 0.0]",test,pusht,64,0.3067173305069887
transformer,"[-27.78276272087892, 44.33062074532053]",factorized_unpaired,"[1, 1]",core,positive,8.727266784965586,fixed_training_task_cluster_20000_rng1701,block_translation_error_px,"[6.523859706869522, -38.698367413703494, 58.35630806173073]",test,pusht,64,48.56484077987198
transformer,"[-36.45937113691429, 26.169755706152646]",factorized_unpaired,"[1, 1]",core,positive,-4.845146082455838,fixed_training_task_cluster_20000_rng1701,agent_position_error_px,"[-2.7332975666880763, -10.95301928717498, -0.8491213935044577]",test,pusht,64,5.37281269695797
transformer,"[-0.07689813014799418, 0.15065913177721552]",factorized_unpaired,"[1, 1]",core,positive,0.03594346571374326,fixed_training_task_cluster_20000_rng1701,block_angle_error_rad,"[0.07785114955588063, 0.002668556745647116, 0.02731069083970203]",test,pusht,64,0.03832752492578607
transformer,"[-29.299454253294424, 41.35360090319147]",factorized_unpaired,"[1, 1]",core,positive,5.686575820782412,fixed_training_task_cluster_20000_rng1701,position_error_px,"[5.755026638506681, -37.341948794706624, 48.64664961854718]",test,pusht,64,42.994340074070145
transformer,"[-1.5625, 3.6458333333333335]",factorized_unpaired,"[1, 2]",core,positive,1.0416666666666667,fixed_training_task_cluster_20000_rng1701,success,"[-1.5625, 3.125, 1.5625]",test,pusht,64,2.386758174456167
transformer,"[-0.203125, 0.546875]",factorized_unpaired,"[1, 2]",core,positive,0.14583333333333334,fixed_training_task_cluster_20000_rng1701,budget_penalized_commands,"[-0.171875, 0.203125, 0.40625]",test,pusht,64,0.29328975469377266
transformer,"[-13.803625637057516, 27.6125612009831]",factorized_unpaired,"[1, 2]",core,positive,6.809741754795032,fixed_training_task_cluster_20000_rng1701,block_translation_error_px,"[-22.232869228982373, 19.415779412807574, 23.246315080559896]",test,pusht,64,25.224456197146285
transformer,"[-19.06610503699423, 41.65271827347297]",factorized_unpaired,"[1, 2]",core,positive,11.211596424724016,fixed_training_task_cluster_20000_rng1701,agent_position_error_px,"[6.943409708275014, 47.91593277591808, -21.224553210021043]",test,pusht,64,34.76729445869803
transformer,"[0.04853498621611586, 0.38573542295914837]",factorized_unpaired,"[1, 2]",core,positive,0.21644711389349633,fixed_training_task_cluster_20000_rng1701,block_angle_error_rad,"[0.2635992667692192, 0.3349050904949102, 0.05083698441635957]",test,pusht,64,0.14778757174869384
transformer,"[-16.92039027455169, 46.01359587510159]",factorized_unpaired,"[1, 2]",core,positive,14.557103604580567,fixed_training_task_cluster_20000_rng1701,position_error_px,"[-14.711664672716577, 50.1760592886499, 8.206916197808379]",test,pusht,64,32.9066534350953
transformer,"[-4.166666666666667, -0.5208333333333334]",factorized_unpaired,"[2, 0]",core,positive,-2.0833333333333335,fixed_training_task_cluster_20000_rng1701,success,"[-3.125, -1.5625, -1.5625]",test,pusht,64,0.9021097956087902
transformer,"[-0.8229166666666666, -0.015625]",factorized_unpaired,"[2, 0]",core,positive,-0.3645833333333333,fixed_training_task_cluster_20000_rng1701,budget_penalized_commands,"[-0.578125, -0.046875, -0.46875]",test,pusht,64,0.2805256876978173
transformer,"[-3.9558600729128237, 4.891442421607354]",factorized_unpaired,"[2, 0]",core,positive,0.4968179798615102,fixed_training_task_cluster_20000_rng1701,block_translation_error_px,"[-2.8549409013731255, -0.4982010838465639, 4.8435959248042195]",test,pusht,64,3.9445423712845393
transformer,"[-55.63344880871353, -2.8451259973883753]",factorized_unpaired,"[2, 0]",core,positive,-28.718907038938696,fixed_training_task_cluster_20000_rng1701,agent_position_error_px,"[-12.479530317200368, -48.50504719595754, -25.172143603658185]",test,pusht,64,18.27276976117158
transformer,"[-0.06502411040097376, 0.04348423309224235]",factorized_unpaired,"[2, 0]",core,positive,-0.011860851476019408,fixed_training_task_cluster_20000_rng1701,block_angle_error_rad,"[-0.028192682637715925, 0.017002747479000088, -0.024392619269342386]",test,pusht,64,0.025068718133922717
transformer,"[-54.7957143807358, -2.95993677112841]",factorized_unpaired,"[2, 0]",core,positive,-28.424244018909054,fixed_training_task_cluster_20000_rng1701,position_error_px,"[-14.442836944859335, -47.65921316051356, -23.17068195135427]",test,pusht,64,17.220100116526844
transformer,"[-4.166666666666667, 1.0416666666666667]",factorized_unpaired,"[2, 1]",core,positive,-1.5625,fixed_training_task_cluster_20000_rng1701,success,"[0.0, -4.6875, 0.0]",test,pusht,64,2.7063293868263707
transformer,"[-0.7395833333333334, 0.43749999999999983]",factorized_unpaired,"[2, 1]",core,positive,-0.14583333333333334,fixed_training_task_cluster_20000_rng1701,budget_penalized_commands,"[-0.171875, -0.703125, 0.4375]",test,pusht,64,0.5707582447572118
transformer,"[-13.577812868887202, 15.788494894208265]",factorized_unpaired,"[2, 1]",core,positive,1.2583247435045333,fixed_training_task_cluster_20000_rng1701,block_translation_error_px,"[2.2720335736751647, -14.546675072842058, 16.04961572968049]",test,pusht,64,15.323314162164982
transformer,"[-40.489424959349215, 15.711760638759701]",factorized_unpaired,"[2, 1]",core,positive,-12.77139860354022,fixed_training_task_cluster_20000_rng1701,agent_position_error_px,"[37.0540345661867, -29.139584594526927, -46.22864578228044]",test,pusht,64,43.98794546217053
transformer,"[-0.10756401006045987, 0.12352328069114056]",factorized_unpaired,"[2, 1]",core,positive,0.008897965647884337,fixed_training_task_cluster_20000_rng1701,block_angle_error_rad,"[-0.020149824282718956, 0.020552792270542818, 0.026290928955829157]",test,pusht,64,0.025319204727718068
transformer,"[-37.919199493148234, 21.15275559516102]",factorized_unpaired,"[2, 1]",core,positive,-8.78147119527771,fixed_training_task_cluster_20000_rng1701,position_error_px,"[32.997355158232345, -33.28231483705116, -26.059453907014326]",test,pusht,64,36.36131431358365
transformer,"[-2.0833333333333335, 2.0833333333333335]",factorized_unpaired,"[2, 2]",core,positive,0.0,fixed_training_task_cluster_20000_rng1701,success,"[0.0, 0.0, 0.0]",test,pusht,64,0.0
transformer,"[-0.5833333333333334, 0.5208333333333334]",factorized_unpaired,"[2, 2]",core,positive,-0.015625,fixed_training_task_cluster_20000_rng1701,budget_penalized_commands,"[-0.09375, 0.046875, 0.0]",test,pusht,64,0.071602745233685
transformer,"[-23.31623752143959, 11.61941087960011]",factorized_unpaired,"[2, 2]",core,positive,-5.440312152014241,fixed_training_task_cluster_20000_rng1701,block_translation_error_px,"[-35.973033661305735, 28.007514665202073, -8.355417459939071]",test,pusht,64,32.08973387638746
transformer,"[-52.522451128495405, 19.13196348414149]",factorized_unpaired,"[2, 2]",core,positive,-16.73864469934306,fixed_training_task_cluster_20000_rng1701,agent_position_error_px,"[-31.24597289105925, -21.196517181434288, 2.2265559744643504]",test,pusht,64,17.175768322356568
transformer,"[-0.16301525867044536, 0.08604027021186318]",factorized_unpaired,"[2, 2]",core,positive,-0.037668829277932026,fixed_training_task_cluster_20000_rng1701,block_angle_error_rad,"[-0.12580774267078892, -0.07878012429800929, 0.09158137913500214]",test,pusht,64,0.11437705846691519
transformer,"[-50.38809715758531, 15.576726295008825]",factorized_unpaired,"[2, 2]",core,positive,-17.64492931750273,fixed_training_task_cluster_20000_rng1701,position_error_px,"[-50.23780008442636, 4.435064334283149, -7.132052202364969]",test,pusht,64,28.81268756754806
transformer,"[-0.4629629629629631, 2.6041666666666665]",plain,all,core,positive,0.9259259259259259,fixed_training_task_cluster_20000_rng1701,success,"[0.0, 1.909722222222222, 0.8680555555555556]",test,pusht,64,0.9561754422371704
transformer,"[-0.20543981481481477, 0.38888888888888884]",plain,all,core,positive,0.0833333333333333,fixed_training_task_cluster_20000_rng1701,budget_penalized_commands,"[-0.21180555555555558, 0.2690972222222222, 0.19270833333333337]",test,pusht,64,0.25843575292003557
transformer,"[-13.003318913417678, 4.669074364676848]",plain,all,core,positive,-3.846388877596963,fixed_training_task_cluster_20000_rng1701,block_translation_error_px,"[-9.638943235626943, -1.7921729094521641, -0.10805048771178338]",test,pusht,64,5.086681784415186
transformer,"[31.428008366738514, 63.66364924255159]",plain,all,core,positive,47.449625315583354,fixed_training_task_cluster_20000_rng1701,agent_position_error_px,"[54.198902212963176, 47.70820541070563, 40.44176832308128]",test,pusht,64,6.882211197371768
transformer,"[-0.0425811814507327, 0.05270266944967008]",plain,all,core,positive,0.004840664171875521,fixed_training_task_cluster_20000_rng1701,block_angle_error_rad,"[0.019790929995680794, -0.005415967574365876, 0.00014703009431164468]",test,pusht,64,0.013242717693783925
transformer,"[22.939353441838357, 53.80437802231239]",plain,all,core,positive,38.364281599331385,fixed_training_task_cluster_20000_rng1701,position_error_px,"[43.249484660176776, 37.69690946592738, 34.146450671890015]",test,pusht,64,4.588065618679528
transformer,"[-2.083333333333333, 9.895833333333334]",plain,"[0, 0]",core,positive,3.6458333333333335,fixed_training_task_cluster_20000_rng1701,success,"[-1.5625, 7.8125, 4.6875]",test,pusht,64,4.773516348912334
transformer,"[0.0052083333333333565, 1.7291666666666667]",plain,"[0, 0]",core,positive,0.8125,fixed_training_task_cluster_20000_rng1701,budget_penalized_commands,"[-0.390625, 1.828125, 1.0]",test,pusht,64,1.1211958250568899
transformer,"[-2.1727501399600944, 4.366601722579335]",plain,"[0, 0]",core,positive,1.0215143781736802,fixed_training_task_cluster_20000_rng1701,block_translation_error_px,"[0.7108486652290644, 2.1790017456755026, 0.1746927236164738]",test,pusht,64,1.037640859293978
transformer,"[-25.8409513778415, 2.7291892930038513]",plain,"[0, 0]",core,positive,-10.849833545844426,fixed_training_task_cluster_20000_rng1701,agent_position_error_px,"[-8.268629495035547, -12.98254419291305, -11.29832694958468]",test,pusht,64,2.3887460506749716
transformer,"[-0.003726686196398483, 0.0905866860842762]",plain,"[0, 0]",core,positive,0.042613580758393804,fixed_training_task_cluster_20000_rng1701,block_angle_error_rad,"[0.03679473115038951, 0.023573007482354073, 0.06747300364243784]",test,pusht,64,0.02252102736964438
transformer,"[-24.930465050321576, 3.498578897704841]",plain,"[0, 0]",core,positive,-10.014322198323889,fixed_training_task_cluster_20000_rng1701,position_error_px,"[-7.887372978149601, -11.519280536392916, -10.636313080429147]",test,pusht,64,1.8941601360425648
transformer,"[-0.5208333333333334, 7.291666666666668]",plain,"[0, 1]",core,positive,3.125,fixed_training_task_cluster_20000_rng1701,success,"[3.125, 4.6875, 1.5625]",test,pusht,64,1.5625
transformer,"[-0.28645833333333337, 1.1354166666666667]",plain,"[0, 1]",core,positive,0.359375,fixed_training_task_cluster_20000_rng1701,budget_penalized_commands,"[-0.15625, 0.859375, 0.375]",test,pusht,64,0.5079927564690269
transformer,"[-33.27386664266216, 4.465909957947967]",plain,"[0, 1]",core,positive,-14.160822353834439,fixed_training_task_cluster_20000_rng1701,block_translation_error_px,"[-17.572275902766467, -14.81710908130737, -10.093082077429477]",test,pusht,64,3.782541377266426
transformer,"[-76.31654354457457, 46.40955328504393]",plain,"[0, 1]",core,positive,-11.678795380488411,fixed_training_task_cluster_20000_rng1701,agent_position_error_px,"[-39.84913226003535, -15.64836615372807, 20.461112272298184]",test,pusht,64,30.35044510349536
transformer,"[-0.15935095630828697, 0.08150920860193102]",plain,"[0, 1]",core,positive,-0.037268563311572515,fixed_training_task_cluster_20000_rng1701,block_angle_error_rad,"[-0.06690397811152168, -0.05079503024205578, 0.0058933184188599]",test,pusht,64,0.03823722762242537
transformer,"[-84.01293319513401, 35.73271999201902]",plain,"[0, 1]",core,positive,-21.101908381489256,fixed_training_task_cluster_20000_rng1701,position_error_px,"[-47.34463992410053, -23.580906642374195, 7.619821422006952]",test,pusht,64,27.56595866372216
transformer,"[-4.166666666666667, 4.687500000000001]",plain,"[0, 2]",core,positive,0.0,fixed_training_task_cluster_20000_rng1701,success,"[1.5625, 1.5625, -3.125]",test,pusht,64,2.7063293868263707
transformer,"[-1.0833333333333335, 0.6980468749999887]",plain,"[0, 2]",core,positive,-0.22395833333333334,fixed_training_task_cluster_20000_rng1701,budget_penalized_commands,"[-0.28125, -0.125, -0.265625]",test,pusht,64,0.08605578980134534
transformer,"[-66.92389468958064, 4.012450256343947]",plain,"[0, 2]",core,positive,-25.718563134106848,fixed_training_task_cluster_20000_rng1701,block_translation_error_px,"[-7.063047203123901, -61.6074203601929, -8.485221839003762]",test,pusht,64,31.088795407984634
transformer,"[-3.5706677031338936, 51.039581405306606]",plain,"[0, 2]",core,positive,23.158442123352277,fixed_training_task_cluster_20000_rng1701,agent_position_error_px,"[27.162122809679946, 34.04288936396945, 8.270314196407437]",test,pusht,64,13.344605725553057
transformer,"[-0.20733795952217565, 0.10546875251862071]",plain,"[0, 2]",core,positive,-0.049094247923975876,fixed_training_task_cluster_20000_rng1701,block_angle_error_rad,"[-0.015975795856566433, -0.04411218362423436, -0.08719476429112683]",test,pusht,64,0.03586991900932865
transformer,"[-56.62285846440375, 33.04837122322602]",plain,"[0, 2]",core,positive,-7.200404740410288,fixed_training_task_cluster_20000_rng1701,position_error_px,"[14.78219622452705, -33.96841008045565, -2.415000365302273]",test,pusht,64,24.725098079700956
transformer,"[-4.166666666666667, 3.645833333333334]",plain,"[1, 0]",core,positive,0.0,fixed_training_task_cluster_20000_rng1701,success,"[-4.6875, 0.0, 4.6875]",test,pusht,64,4.6875
transformer,"[-1.5885416666666667, 0.5625]",plain,"[1, 0]",core,positive,-0.4114583333333333,fixed_training_task_cluster_20000_rng1701,budget_penalized_commands,"[-1.40625, -0.15625, 0.328125]",test,pusht,64,0.8949092860219595
transformer,"[-2.4632311838974963, 17.4093921830697]",plain,"[1, 0]",core,positive,7.373810248782875,fixed_training_task_cluster_20000_rng1701,block_translation_error_px,"[0.9317789410197315, 9.711102731963836, 11.478549073365059]",test,pusht,64,5.648521237464149
transformer,"[8.870556212972355, 93.41611694285082]",plain,"[1, 0]",core,positive,51.35131123036145,fixed_training_task_cluster_20000_rng1701,agent_position_error_px,"[61.03707480881095, 64.60811225771072, 28.408746624562667]",test,pusht,64,19.948910499919517
transformer,"[-0.055818124813615574, 0.12751525575787662]",plain,"[1, 0]",core,positive,0.03528417241088661,fixed_training_task_cluster_20000_rng1701,block_angle_error_rad,"[0.009966300405607524, 0.026619661737145466, 0.06926655508990683]",test,pusht,64,0.030584887776763558
transformer,"[10.068446323811015, 92.837253926437]",plain,"[1, 0]",core,positive,51.76659310177465,fixed_training_task_cluster_20000_rng1701,position_error_px,"[57.546479031285, 66.88148494521013, 30.871815328828838]",test,pusht,64,18.687680099168205
transformer,"[-2.0833333333333335, 2.0833333333333335]",plain,"[1, 1]",core,positive,0.0,fixed_training_task_cluster_20000_rng1701,success,"[3.125, -1.5625, -1.5625]",test,pusht,64,2.7063293868263707
transformer,"[-0.53125, 0.5104166666666666]",plain,"[1, 1]",core,positive,-0.010416666666666666,fixed_training_task_cluster_20000_rng1701,budget_penalized_commands,"[0.765625, -0.515625, -0.28125]",test,pusht,64,0.6822121454931254
transformer,"[-52.74783441050388, 19.59246565563793]",plain,"[1, 1]",core,positive,-13.982931002206426,fixed_training_task_cluster_20000_rng1701,block_translation_error_px,"[-16.567667837277607, -17.85271284844931, -7.528412320892354]",test,pusht,64,5.626583663801558
transformer,"[1.5441280053853474, 95.63962578454696]",plain,"[1, 1]",core,positive,48.351269294063336,fixed_training_task_cluster_20000_rng1701,agent_position_error_px,"[87.03569336851993, 18.823849494413324, 39.19426501925675]",test,pusht,64,35.01573869909063
transformer,"[-0.25426697449090624, 0.05853335748534401]",plain,"[1, 1]",core,positive,-0.1002570167447135,fixed_training_task_cluster_20000_rng1701,block_angle_error_rad,"[-0.0917379663001461, -0.17005434170328362, -0.038978742230710864]",test,pusht,64,0.0659517540299831
transformer,"[-10.413025009820371, 84.5047402564739]",plain,"[1, 1]",core,positive,36.95058821606028,fixed_training_task_cluster_20000_rng1701,position_error_px,"[76.27525062873804, 7.395412339340696, 27.18110168010211]",test,pusht,64,35.463927885607696
transformer,"[-1.5625, 3.6458333333333335]",plain,"[1, 2]",core,positive,1.0416666666666667,fixed_training_task_cluster_20000_rng1701,success,"[-3.125, 4.6875, 1.5625]",test,pusht,64,3.932205435036849
transformer,"[-0.5208333333333334, 0.48958333333333337]",plain,"[1, 2]",core,positive,0.005208333333333333,fixed_training_task_cluster_20000_rng1701,budget_penalized_commands,"[-0.84375, 0.453125, 0.40625]",test,pusht,64,0.7355929616359399
transformer,"[-40.77628208033438, 21.24116837469691]",plain,"[1, 2]",core,positive,-10.429746471583115,fixed_training_task_cluster_20000_rng1701,block_translation_error_px,"[-67.61315063428239, 44.12957110771843, -7.8056598881853745]",test,pusht,64,55.91755840856637
transformer,"[24.719365740589993, 121.83022278522435]",plain,"[1, 2]",core,positive,72.58551216518939,fixed_training_task_cluster_20000_rng1701,agent_position_error_px,"[54.25423347484964, 112.72119119799459, 50.781111822723936]",test,pusht,64,34.80187052546005
transformer,"[-0.061067021697874244, 0.2869065982280737]",plain,"[1, 2]",core,positive,0.11725139237903315,fixed_training_task_cluster_20000_rng1701,block_angle_error_rad,"[0.0836457889002732, 0.3376248868722678, -0.0695164986354415]",test,pusht,64,0.2056405343971928
transformer,"[6.124677470993406, 100.8157328399974]",plain,"[1, 2]",core,positive,52.75470790691896,fixed_training_task_cluster_20000_rng1701,position_error_px,"[-0.04605446382670664, 118.30779968449352, 40.00237850009009]",test,pusht,64,60.19863060664809
transformer,"[-2.604166666666667, 0.0]",plain,"[2, 0]",core,positive,-1.0416666666666667,fixed_training_task_cluster_20000_rng1701,success,"[0.0, -1.5625, -1.5625]",test,pusht,64,0.9021097956087903
transformer,"[-0.5729166666666667, 0.0]",plain,"[2, 0]",core,positive,-0.2604166666666667,fixed_training_task_cluster_20000_rng1701,budget_penalized_commands,"[-0.3125, -0.234375, -0.234375]",test,pusht,64,0.04510548978043952
transformer,"[0.8058970660139086, 12.56706301415563]",plain,"[2, 0]",core,positive,6.407017177318951,fixed_training_task_cluster_20000_rng1701,block_translation_error_px,"[2.186088365947919, 4.824145600263885, 12.210817565745051]",test,pusht,64,5.1964324978202985
transformer,"[11.357687159765206, 85.12228440884435]",plain,"[2, 0]",core,positive,47.75504423794075,fixed_training_task_cluster_20000_rng1701,agent_position_error_px,"[65.90368949332469, 37.35201045500605, 40.009432765491525]",test,pusht,64,15.773251623821698
transformer,"[-0.052458038401742985, 0.11702833430912304]",plain,"[2, 0]",core,positive,0.032592118136139124,fixed_training_task_cluster_20000_rng1701,block_angle_error_rad,"[0.09525805094811718, 0.011457302336401291, -0.008938998876101105]",test,pusht,64,0.05522016504126271
transformer,"[13.120326803175102, 86.04079315055854]",plain,"[2, 0]",core,positive,49.2397147394131,fixed_training_task_cluster_20000_rng1701,position_error_px,"[64.12052932956405, 39.8570825208269, 43.741532367848365]",test,pusht,64,13.032698101442511
transformer,"[-1.0416666666666667, 3.125]",plain,"[2, 1]",core,positive,1.0416666666666667,fixed_training_task_cluster_20000_rng1701,success,"[0.0, 0.0, 3.125]",test,pusht,64,1.8042195912175805
transformer,"[-0.020833333333333332, 0.828125]",plain,"[2, 1]",core,positive,0.3489583333333333,fixed_training_task_cluster_20000_rng1701,budget_penalized_commands,"[0.25, 0.0, 0.796875]",test,pusht,64,0.40755000332270064
transformer,"[-23.257427898635935, 16.968651259334898]",plain,"[2, 1]",core,positive,-3.24802422990209,fixed_training_task_cluster_20000_rng1701,block_translation_error_px,"[12.194199882674635, -11.307194089457617, -10.631078482923288]",test,pusht,64,13.377630479110804
transformer,"[56.82047103027227, 158.3254071699736]",plain,"[2, 1]",core,positive,106.82689980879154,fixed_training_task_cluster_20000_rng1701,agent_position_error_px,"[139.2336629366869, 95.23350296033246, 86.01353352935524]",test,pusht,64,28.441179325015295
transformer,"[-0.08169309019755207, 0.2197707763879136]",plain,"[2, 1]",core,positive,0.06723405961829126,fixed_training_task_cluster_20000_rng1701,block_angle_error_rad,"[0.12880870495927244, -0.02665167995403784, 0.09954515384963922]",test,pusht,64,0.08261348514116164
transformer,"[46.90118502035392, 144.37375580414482]",plain,"[2, 1]",core,positive,94.82678682978714,fixed_training_task_cluster_20000_rng1701,position_error_px,"[134.95683611831254, 77.10086380111534, 72.42266056993356]",test,pusht,64,34.832270070907924
transformer,"[-1.0416666666666667, 2.604166666666667]",plain,"[2, 2]",core,positive,0.5208333333333334,fixed_training_task_cluster_20000_rng1701,success,"[1.5625, 1.5625, -1.5625]",test,pusht,64,1.8042195912175805
transformer,"[-0.28645833333333337, 0.5989583333333334]",plain,"[2, 2]",core,positive,0.13020833333333334,fixed_training_task_cluster_20000_rng1701,budget_penalized_commands,"[0.46875, 0.3125, -0.390625]",test,pusht,64,0.4577707247720559
transformer,"[-7.661620464518491, 43.96882789282956]",plain,"[2, 2]",core,positive,18.120245488984736,fixed_training_task_cluster_20000_rng1701,block_translation_error_px,"[6.042736601936517, 28.61105900871607, 19.70694085630162]",test,pusht,64,11.367519329457313
transformer,"[51.316497180798926, 147.00144718081594]",plain,"[2, 2]",core,positive,99.54677790688436,fixed_training_task_cluster_20000_rng1701,agent_position_error_px,"[101.2814047798674, 95.22320331356524, 102.13572562722048]",test,pusht,64,3.7686123408426577
transformer,"[-0.2020723062358973, 0.07504407090808839]",plain,"[2, 2]",core,positive,-0.06478951777560232,fixed_training_task_cluster_20000_rng1701,block_angle_error_rad,"[-0.001737466134298437, -0.15640533107384977, -0.036225756118658727]",test,pusht,64,0.0811939250882468
transformer,"[54.78417743808901, 141.3916268428438]",plain,"[2, 2]",core,positive,98.0567789202518,fixed_training_task_cluster_20000_rng1701,position_error_px,"[96.84213797524116, 98.79813916158253, 98.53005962393166]",test,pusht,64,1.0604155452458257
transformer,"[-6.25, 3.125]",framewise,all,core,positive,-1.5625000000000002,fixed_training_task_cluster_20000_rng1701,success,"[3.645833333333334, -6.25, -2.083333333333333]",extrapolation,reacher,64,4.968433340713259
transformer,"[-1.2638888888888888, 0.6909722222222223]",framewise,all,core,positive,-0.2517361111111111,fixed_training_task_cluster_20000_rng1701,budget_penalized_commands,"[0.6145833333333333, -0.8541666666666665, -0.5156249999999999]",extrapolation,reacher,64,0.7691128980092968
transformer,"[-0.04154616657330103, 0.19586334980289885]",framewise,all,core,positive,0.0777519919664149,fixed_training_task_cluster_20000_rng1701,wrapped_joint_error_rad,"[0.13343710515079235, -0.034825119578194445, 0.13464399032664673]",extrapolation,reacher,64,0.0974965059668934
transformer,"[-13.020833333333334, 5.729166666666668]",framewise,"[0, 3]",core,positive,-3.6458333333333335,fixed_training_task_cluster_20000_rng1701,success,"[3.125, -14.0625, 0.0]",extrapolation,reacher,64,9.155414495441118
transformer,"[-1.140625, 2.359375]",framewise,"[0, 3]",core,positive,0.5572916666666666,fixed_training_task_cluster_20000_rng1701,budget_penalized_commands,"[1.65625, -0.921875, 0.9375]",extrapolation,reacher,64,1.3304513938728966
transformer,"[-0.03498830184983537, 0.06802486250436354]",framewise,"[0, 3]",core,positive,0.013188164386133202,fixed_training_task_cluster_20000_rng1701,wrapped_joint_error_rad,"[0.0017634826735161788, -0.03068563595840063, 0.06848664644328406]",extrapolation,reacher,64,0.05056360265414075
transformer,"[-8.333333333333334, 5.729166666666666]",framewise,"[3, 0]",core,positive,-1.5625,fixed_training_task_cluster_20000_rng1701,success,"[1.5625, -1.5625, -4.6875]",extrapolation,reacher,64,3.125
transformer,"[-2.333333333333333, 0.4114583333333332]",framewise,"[3, 0]",core,positive,-0.8958333333333334,fixed_training_task_cluster_20000_rng1701,budget_penalized_commands,"[-0.734375, -0.796875, -1.15625]",extrapolation,reacher,64,0.22768221869160826
transformer,"[-0.06872990697305259, 0.29884713257112583]",framewise,"[3, 0]",core,positive,0.11682173823352904,fixed_training_task_cluster_20000_rng1701,wrapped_joint_error_rad,"[0.3285068984245157, -0.07392797731305231, 0.09588629358912368]",extrapolation,reacher,64,0.20203261354128488
transformer,"[-5.208333333333334, 6.25]",framewise,"[3, 3]",core,positive,0.5208333333333334,fixed_training_task_cluster_20000_rng1701,success,"[6.25, -3.125, -1.5625]",extrapolation,reacher,64,5.022734771350498
transformer,"[-1.6979166666666665, 0.8177083333333333]",framewise,"[3, 3]",core,positive,-0.4166666666666667,fixed_training_task_cluster_20000_rng1701,budget_penalized_commands,"[0.921875, -0.84375, -1.328125]",extrapolation,reacher,64,1.1842403177600116
transformer,"[-0.0950723416703354, 0.3022171713353843]",framewise,"[3, 3]",core,positive,0.10324607327958248,fixed_training_task_cluster_20000_rng1701,wrapped_joint_error_rad,"[0.07004093435434516, 0.00013825453686968497, 0.23955903094753248]",extrapolation,reacher,64,0.12311585187356817
transformer,"[-1.9097222222222223, 7.638888888888889]",single,all,core,positive,2.777777777777778,fixed_training_task_cluster_20000_rng1701,success,"[1.1102230246251565e-16, 0.5208333333333335, 7.812500000000001]",extrapolation,reacher,64,4.367967231044836
transformer,"[-0.21701388888888878, 1.7691406249999961]",single,all,core,positive,0.7916666666666666,fixed_training_task_cluster_20000_rng1701,budget_penalized_commands,"[0.296875, 0.13020833333333337, 1.9479166666666667]",extrapolation,reacher,64,1.0048034590502983
transformer,"[0.03434892145076344, 0.2719388352381645]",single,all,core,positive,0.15098871429341096,fixed_training_task_cluster_20000_rng1701,wrapped_joint_error_rad,"[0.18785400769729252, 0.13692104298219082, 0.12819109220074953]",extrapolation,reacher,64,0.032223289768074606
transformer,"[-9.895833333333332, 8.333333333333334]",single,"[0, 3]",core,positive,-0.5208333333333334,fixed_training_task_cluster_20000_rng1701,success,"[-10.9375, -1.5625, 10.9375]",extrapolation,reacher,64,10.97463932588827
transformer,"[0.18229166666666663, 3.463541666666667]",single,"[0, 3]",core,positive,1.78125,fixed_training_task_cluster_20000_rng1701,budget_penalized_commands,"[0.0, 1.03125, 4.3125]",extrapolation,reacher,64,2.2519522780245587
transformer,"[-0.02166312325501911, 0.05716693359824819]",single,"[0, 3]",core,positive,0.017137483326625805,fixed_training_task_cluster_20000_rng1701,wrapped_joint_error_rad,"[-0.0037150658982931985, 0.015834287204650653, 0.039293228673519955]",extrapolation,reacher,64,0.021533743069731548
transformer,"[-1.0416666666666665, 11.979166666666666]",single,"[3, 0]",core,positive,5.208333333333333,fixed_training_task_cluster_20000_rng1701,success,"[6.25, 4.6875, 4.6875]",extrapolation,reacher,64,0.9021097956087902
transformer,"[-0.7291666666666667, 1.5885416666666667]",single,"[3, 0]",core,positive,0.421875,fixed_training_task_cluster_20000_rng1701,budget_penalized_commands,"[0.3125, 0.171875, 0.78125]",extrapolation,reacher,64,0.3190715290103459
transformer,"[0.041964294709952527, 0.4619216194602413]",single,"[3, 0]",core,positive,0.24740907930129405,fixed_training_task_cluster_20000_rng1701,wrapped_joint_error_rad,"[0.4595913539437373, 0.18865027621585545, 0.0939856077442893]",extrapolation,reacher,64,0.18975336128390138
transformer,"[-1.5625000000000002, 8.854166666666668]",single,"[3, 3]",core,positive,3.6458333333333335,fixed_training_task_cluster_20000_rng1701,success,"[4.6875, -1.5625, 7.8125]",extrapolation,reacher,64,4.773516348912334
transformer,"[-1.2657552083333334, 1.4270833333333333]",single,"[3, 3]",core,positive,0.171875,fixed_training_task_cluster_20000_rng1701,budget_penalized_commands,"[0.578125, -0.8125, 0.75]",extrapolation,reacher,64,0.8568143669284497
transformer,"[0.00678047457627605, 0.37945770979347876]",single,"[3, 3]",core,positive,0.18841958025231306,fixed_training_task_cluster_20000_rng1701,wrapped_joint_error_rad,"[0.10768573504643347, 0.20627856552606638, 0.2512944401844393]",extrapolation,reacher,64,0.07345115767712432
transformer,"[-5.729166666666666, 3.298611111111111]",factorized_unpaired,all,core,positive,-1.215277777777778,fixed_training_task_cluster_20000_rng1701,success,"[-2.6041666666666674, -3.6458333333333335, 2.6041666666666674]",extrapolation,reacher,64,3.3484898475669986
transformer,"[-0.7639322916666667, 0.8958767361111074]",factorized_unpaired,all,core,positive,0.06770833333333341,fixed_training_task_cluster_20000_rng1701,budget_penalized_commands,"[-0.5833333333333334, -0.16145833333333326, 0.9479166666666665]",extrapolation,reacher,64,0.7909296185238819
transformer,"[0.046555725248295154, 0.20264236007521194]",factorized_unpaired,all,core,positive,0.1240334860934228,fixed_training_task_cluster_20000_rng1701,wrapped_joint_error_rad,"[0.08959990915601536, 0.16797712354615169, 0.11452342557810133]",extrapolation,reacher,64,0.04004469842742177
transformer,"[-16.666666666666668, 4.166666666666667]",factorized_unpaired,"[0, 3]",core,positive,-6.25,fixed_training_task_cluster_20000_rng1701,success,"[-9.375, -9.375, 0.0]",extrapolation,reacher,64,5.412658773652741
transformer,"[-1.5624999999999998, 2.463541666666667]",factorized_unpaired,"[0, 3]",core,positive,0.421875,fixed_training_task_cluster_20000_rng1701,budget_penalized_commands,"[-0.34375, -0.859375, 2.46875]",extrapolation,reacher,64,1.791295685914249
transformer,"[-0.047641450685075845, 0.03815195658006227]",factorized_unpaired,"[0, 3]",core,positive,-0.005679763040610394,fixed_training_task_cluster_20000_rng1701,wrapped_joint_error_rad,"[-0.01169513979083352, -0.015508924316701683, 0.010164774985704016]",extrapolation,reacher,64,0.01385363768303944
transformer,"[-1.0416666666666667, 8.333333333333334]",factorized_unpaired,"[3, 0]",core,positive,3.6458333333333335,fixed_training_task_cluster_20000_rng1701,success,"[4.6875, 3.125, 3.125]",extrapolation,reacher,64,0.9021097956087902
transformer,"[-0.6770833333333333, 1.0989583333333333]",factorized_unpaired,"[3, 0]",core,positive,0.20833333333333334,fixed_training_task_cluster_20000_rng1701,budget_penalized_commands,"[0.078125, 0.84375, -0.296875]",extrapolation,reacher,64,0.5813535973986343
transformer,"[0.10248343689397715, 0.38299262898526754]",factorized_unpaired,"[3, 0]",core,positive,0.2414496198891768,fixed_training_task_cluster_20000_rng1701,wrapped_joint_error_rad,"[0.2885913048978124, 0.2737733528228977, 0.16198420194682034]",extrapolation,reacher,64,0.06921674228457056
transformer,"[-6.770833333333333, 4.166666666666667]",factorized_unpaired,"[3, 3]",core,positive,-1.0416666666666667,fixed_training_task_cluster_20000_rng1701,success,"[-3.125, -4.6875, 4.6875]",extrapolation,reacher,64,5.022734771350498
transformer,"[-1.609375, 0.5677083333333334]",factorized_unpaired,"[3, 3]",core,positive,-0.4270833333333333,fixed_training_task_cluster_20000_rng1701,budget_penalized_commands,"[-1.484375, -0.46875, 0.671875]",extrapolation,reacher,64,1.078728695714698
transformer,"[0.0001300373124974944, 0.27245947312579716]",factorized_unpaired,"[3, 3]",core,positive,0.13633060143170203,fixed_training_task_cluster_20000_rng1701,wrapped_joint_error_rad,"[-0.008096437638932717, 0.24566694213225915, 0.1714212998017796]",extrapolation,reacher,64,0.13047023055969265
transformer,"[-4.861111111111111, 4.166666666666667]",plain,all,core,positive,-0.34722222222222293,fixed_training_task_cluster_20000_rng1701,success,"[-4.166666666666667, 2.0833333333333335, 1.0416666666666665]",extrapolation,reacher,64,3.348489847566998
transformer,"[-1.500043402777778, 0.45659722222222215]",plain,all,core,positive,-0.4878472222222223,fixed_training_task_cluster_20000_rng1701,budget_penalized_commands,"[-1.5260416666666667, -0.041666666666666574, 0.10416666666666663]",extrapolation,reacher,64,0.9020546649922384
transformer,"[-0.036547519692187634, 0.20053312689559655]",plain,all,core,positive,0.08154652899447824,fixed_training_task_cluster_20000_rng1701,wrapped_joint_error_rad,"[0.06198964283587316, 0.05563585670056317, 0.1270140874469984]",extrapolation,reacher,64,0.03950400996466457
transformer,"[-15.104166666666668, 5.729166666666666]",plain,"[0, 3]",core,positive,-4.6875,fixed_training_task_cluster_20000_rng1701,success,"[-18.75, 3.125, 1.5625]",extrapolation,reacher,64,12.203515118604148
transformer,"[-2.296875, 1.5364583333333335]",plain,"[0, 3]",core,positive,-0.3489583333333333,fixed_training_task_cluster_20000_rng1701,budget_penalized_commands,"[-3.359375, 0.296875, 2.015625]",extrapolation,reacher,64,2.7450831992552307
transformer,"[-0.06245874260515525, 0.013453614611226513]",plain,"[0, 3]",core,positive,-0.02430030947889426,fixed_training_task_cluster_20000_rng1701,wrapped_joint_error_rad,"[-0.06690374287441476, -0.02605769951105709, 0.020060513948789077]",extrapolation,reacher,64,0.0435087555096316
transformer,"[-4.166666666666667, 8.333333333333334]",plain,"[3, 0]",core,positive,2.0833333333333335,fixed_training_task_cluster_20000_rng1701,success,"[0.0, 7.8125, -1.5625]",extrapolation,reacher,64,5.022734771350497
transformer,"[-2.166666666666667, 0.7136718749999887]",plain,"[3, 0]",core,positive,-0.6354166666666666,fixed_training_task_cluster_20000_rng1701,budget_penalized_commands,"[-1.578125, 0.984375, -1.3125]",extrapolation,reacher,64,1.4090539176015704
transformer,"[-0.10345231602936616, 0.31595688629099433]",plain,"[3, 0]",core,positive,0.11148527208078512,fixed_training_task_cluster_20000_rng1701,wrapped_joint_error_rad,"[0.20886290859908513, 0.12825200501751116, -0.002659097374240818]",extrapolation,reacher,64,0.10675313696924112
transformer,"[-3.125, 6.25]",plain,"[3, 3]",core,positive,1.5625,fixed_training_task_cluster_20000_rng1701,success,"[6.25, -4.6875, 3.125]",extrapolation,reacher,64,5.633673867912483
transformer,"[-1.6458333333333333, 0.5885416666666667]",plain,"[3, 3]",core,positive,-0.4791666666666667,fixed_training_task_cluster_20000_rng1701,budget_penalized_commands,"[0.359375, -1.40625, -0.390625]",extrapolation,reacher,64,0.88613634967105
transformer,"[-0.015448517308413949, 0.3356979872451448]",plain,"[3, 3]",core,positive,0.15745462438154387,fixed_training_task_cluster_20000_rng1701,wrapped_joint_error_rad,"[0.04400976278294911, 0.06471326459523552, 0.36364084576644695]",extrapolation,reacher,64,0.17886231342449152
transformer,"[-3.125, 3.0092592592592586]",framewise,all,core,positive,0.0,fixed_training_task_cluster_20000_rng1701,success,"[1.215277777777778, -1.041666666666667, -0.17361111111111138]",test,reacher,64,1.1384441882468752
transformer,"[-0.47395833333333337, 1.0300925925925926]",framewise,all,core,positive,0.30034722222222227,fixed_training_task_cluster_20000_rng1701,budget_penalized_commands,"[0.578125, 0.14930555555555552, 0.17361111111111116]",test,reacher,64,0.24086938447649678
transformer,"[-0.07347017819190588, 0.0064046057257998775]",framewise,all,core,positive,-0.035139222776534106,fixed_training_task_cluster_20000_rng1701,wrapped_joint_error_rad,"[-0.026908718936302846, -0.044403301553602365, -0.03410564783969712]",test,reacher,64,0.008792969526896064
transformer,"[-8.854166666666668, 10.9375]",framewise,"[0, 0]",core,positive,1.0416666666666667,fixed_training_task_cluster_20000_rng1701,success,"[-4.6875, 10.9375, -3.125]",test,reacher,64,8.605578980134535
transformer,"[-1.390625, 2.4947916666666665]",framewise,"[0, 0]",core,positive,0.5729166666666666,fixed_training_task_cluster_20000_rng1701,budget_penalized_commands,"[-0.875, 2.140625, 0.453125]",test,reacher,64,1.511377208941677
transformer,"[0.028081244546302446, 0.12627179909036448]",framewise,"[0, 0]",core,positive,0.07419345723588498,fixed_training_task_cluster_20000_rng1701,wrapped_joint_error_rad,"[0.06322473262932418, 0.1211229320174929, 0.03823270706083787]",test,reacher,64,0.042519784077087557
transformer,"[3.6458333333333335, 20.3125]",framewise,"[0, 1]",core,positive,11.979166666666666,fixed_training_task_cluster_20000_rng1701,success,"[6.25, 20.3125, 9.375]",test,reacher,64,7.3840869160197
transformer,"[-0.9949218750000001, 3.348958333333333]",framewise,"[0, 1]",core,positive,1.2135416666666667,fixed_training_task_cluster_20000_rng1701,budget_penalized_commands,"[0.015625, 2.515625, 1.109375]",test,reacher,64,1.253250980782913
transformer,"[0.014125879860307212, 0.10595992326296526]",framewise,"[0, 1]",core,positive,0.058012818821956795,fixed_training_task_cluster_20000_rng1701,wrapped_joint_error_rad,"[0.05821982291942955, 0.07988677849801698, 0.035931855048423854]",test,reacher,64,0.021978192871279837
transformer,"[-1.041666666666667, 15.625000000000002]",framewise,"[0, 2]",core,positive,7.291666666666667,fixed_training_task_cluster_20000_rng1701,success,"[15.625, -7.8125, 14.0625]",test,reacher,64,13.103901693134505
transformer,"[-0.515625, 2.380208333333334]",framewise,"[0, 2]",core,positive,0.9270833333333334,fixed_training_task_cluster_20000_rng1701,budget_penalized_commands,"[3.25, -2.5625, 2.09375]",test,reacher,64,3.076868927307976
transformer,"[0.0027999991023671413, 0.08854519207737896]",framewise,"[0, 2]",core,positive,0.043486173875433215,fixed_training_task_cluster_20000_rng1701,wrapped_joint_error_rad,"[0.07546036449464587, -0.03892338493567147, 0.09392154206732525]",test,reacher,64,0.07196322190482574
transformer,"[-19.270833333333336, 1.5625]",framewise,"[1, 0]",core,positive,-8.854166666666666,fixed_training_task_cluster_20000_rng1701,success,"[3.125, -20.3125, -9.375]",test,reacher,64,11.727427342914272
transformer,"[-3.4375, 0.640755208333322]",framewise,"[1, 0]",core,positive,-1.3958333333333333,fixed_training_task_cluster_20000_rng1701,budget_penalized_commands,"[2.375, -3.84375, -2.71875]",test,reacher,64,3.3137281528262594
transformer,"[-0.29900466992149427, -0.07884132716969917]",framewise,"[1, 0]",core,positive,-0.1852523108381748,fixed_training_task_cluster_20000_rng1701,wrapped_joint_error_rad,"[-0.1270911732653706, -0.21692611564471154, -0.2117396436044423]",test,reacher,64,0.05043573451312192
transformer,"[-19.270833333333336, -1.5625]",framewise,"[1, 1]",core,positive,-10.416666666666666,fixed_training_task_cluster_20000_rng1701,success,"[-3.125, -10.9375, -17.1875]",test,reacher,64,7.0457027387857725
transformer,"[-2.489583333333333, 0.5104166666666669]",framewise,"[1, 1]",core,positive,-0.9427083333333334,fixed_training_task_cluster_20000_rng1701,budget_penalized_commands,"[0.671875, -1.21875, -2.28125]",test,reacher,64,1.495789446315334
transformer,"[-0.30323793863833065, -0.10397271853175723]",framewise,"[1, 1]",core,positive,-0.20113025337312537,fixed_training_task_cluster_20000_rng1701,wrapped_joint_error_rad,"[-0.1388134177888841, -0.25088640626104924, -0.21369093606944273]",test,reacher,64,0.05708254329143622
transformer,"[-19.270833333333336, -1.0416666666666679]",framewise,"[1, 2]",core,positive,-10.416666666666666,fixed_training_task_cluster_20000_rng1701,success,"[-10.9375, -9.375, -10.9375]",test,reacher,64,0.9021097956087902
transformer,"[-3.364583333333333, 0.6406249999999999]",framewise,"[1, 2]",core,positive,-1.375,fixed_training_task_cluster_20000_rng1701,budget_penalized_commands,"[-1.90625, -0.625, -1.59375]",test,reacher,64,0.6680486977009984
transformer,"[-0.2930186286574179, -0.11022527265947617]",framewise,"[1, 2]",core,positive,-0.1988275116672015,fixed_training_task_cluster_20000_rng1701,wrapped_joint_error_rad,"[-0.21142988682817768, -0.19851286578155947, -0.18653978239186741]",test,reacher,64,0.012448035035202204
transformer,"[-4.6875, 11.979166666666668]",framewise,"[2, 0]",core,positive,3.6458333333333335,fixed_training_task_cluster_20000_rng1701,success,"[-1.5625, 6.25, 6.25]",test,reacher,64,4.510548978043952
transformer,"[-0.4791666666666665, 2.7708333333333335]",framewise,"[2, 0]",core,positive,1.1197916666666667,fixed_training_task_cluster_20000_rng1701,budget_penalized_commands,"[-0.609375, 3.4375, 0.53125]",test,reacher,64,2.0866445040922357
transformer,"[-0.015991879804982876, 0.06461910043891345]",framewise,"[2, 0]",core,positive,0.023122046469739366,fixed_training_task_cluster_20000_rng1701,wrapped_joint_error_rad,"[-0.025488317743340507, 0.07080850584032528, 0.02404595131223334]",test,reacher,64,0.04815505952851061
transformer,"[-1.0416666666666665, 16.666666666666668]",framewise,"[2, 1]",core,positive,7.8125,fixed_training_task_cluster_20000_rng1701,success,"[9.375, 3.125, 10.9375]",test,reacher,64,4.133986423538423
transformer,"[0.49479166666666685, 3.8229166666666665]",framewise,"[2, 1]",core,positive,2.0989583333333335,fixed_training_task_cluster_20000_rng1701,budget_penalized_commands,"[2.703125, 0.8125, 2.78125]",test,reacher,64,1.1147901871914434
transformer,"[0.003504048845967522, 0.09364987647481651]",framewise,"[2, 1]",core,positive,0.04900696904232182,fixed_training_task_cluster_20000_rng1701,wrapped_joint_error_rad,"[0.07458604098113372, 0.04012374639851094, 0.032311119747320774]",test,reacher,64,0.022493909725432523
transformer,"[-11.458333333333336, 7.291666666666668]",framewise,"[2, 2]",core,positive,-2.0833333333333335,fixed_training_task_cluster_20000_rng1701,success,"[-3.125, -1.5625, -1.5625]",test,reacher,64,0.9021097956087902
transformer,"[-1.2395833333333335, 2.1824218749999886]",framewise,"[2, 2]",core,positive,0.484375,fixed_training_task_cluster_20000_rng1701,budget_penalized_commands,"[-0.421875, 0.6875, 1.1875]",test,reacher,64,0.8236909595685751
transformer,"[-0.03102264918611395, 0.07261166442662255]",framewise,"[2, 2]",core,positive,0.021135605444358534,fixed_training_task_cluster_20000_rng1701,wrapped_joint_error_rad,"[-0.010846635825486086, -0.006322904113775608, 0.08057635627233731]",test,reacher,64,0.051526868538610784
transformer,"[4.166666666666667, 11.574074074074073]",single,all,core,positive,7.8125,fixed_training_task_cluster_20000_rng1701,success,"[4.340277777777777, 8.333333333333334, 10.763888888888888]",test,reacher,64,3.2433232104634384
transformer,"[0.9606336805555555, 2.4959490740740744]",single,all,core,positive,1.7181712962962965,fixed_training_task_cluster_20000_rng1701,budget_penalized_commands,"[1.2447916666666665, 1.40625, 2.5034722222222223]",test,reacher,64,0.6848652104945776
transformer,"[0.06977523927841511, 0.13753852456512317]",single,all,core,positive,0.10305456974834128,fixed_training_task_cluster_20000_rng1701,wrapped_joint_error_rad,"[0.09622036210711171, 0.114919359572668, 0.09802398756524416]",test,reacher,64,0.010314707673021603
transformer,"[-5.729166666666668, 13.020833333333334]",single,"[0, 0]",core,positive,3.6458333333333335,fixed_training_task_cluster_20000_rng1701,success,"[-1.5625, 4.6875, 7.8125]",test,reacher,64,4.773516348912334
transformer,"[-0.6614583333333333, 3.130338541666656]",single,"[0, 0]",core,positive,1.203125,fixed_training_task_cluster_20000_rng1701,budget_penalized_commands,"[0.890625, 0.390625, 2.328125]",test,reacher,64,1.0058423087144426
transformer,"[-0.017205062033759332, 0.06419703327224482]",single,"[0, 0]",core,positive,0.02337716184946922,fixed_training_task_cluster_20000_rng1701,wrapped_joint_error_rad,"[-0.0066968924410338825, 0.06016514609432927, 0.016663231895112266]",test,reacher,64,0.03393288509469988
transformer,"[-8.854166666666668, 10.9375]",single,"[0, 1]",core,positive,1.0416666666666667,fixed_training_task_cluster_20000_rng1701,success,"[-12.5, 4.6875, 10.9375]",test,reacher,64,12.136646039303171
transformer,"[-1.7864583333333333, 2.9375]",single,"[0, 1]",core,positive,0.5625,fixed_training_task_cluster_20000_rng1701,budget_penalized_commands,"[-1.984375, 0.953125, 2.71875]",test,reacher,64,2.3757708452994786
transformer,"[-0.06480590786139401, 0.021757589333863174]",single,"[0, 1]",core,positive,-0.021043254785234944,fixed_training_task_cluster_20000_rng1701,wrapped_joint_error_rad,"[-0.027939708983899372, -0.026405123006209695, -0.008784932365595766]",test,reacher,64,0.010643711285947296
transformer,"[-2.604166666666668, 17.1875]",single,"[0, 2]",core,positive,7.291666666666667,fixed_training_task_cluster_20000_rng1701,success,"[0.0, 7.8125, 14.0625]",test,reacher,64,7.045702738785772
transformer,"[-0.8854166666666665, 2.448046874999989]",single,"[0, 2]",core,positive,0.78125,fixed_training_task_cluster_20000_rng1701,budget_penalized_commands,"[0.734375, -0.6875, 2.296875]",test,reacher,64,1.4927395902752094
transformer,"[-0.01055203846177841, 0.06431343352048897]",single,"[0, 2]",core,positive,0.027460346940453368,fixed_training_task_cluster_20000_rng1701,wrapped_joint_error_rad,"[-0.02329030814394785, 0.007656096075807452, 0.09801525288950048]",test,reacher,64,0.0630310720886317
transformer,"[10.416666666666666, 27.604166666666668]",single,"[1, 0]",core,positive,18.75,fixed_training_task_cluster_20000_rng1701,success,"[28.125, 7.8125, 20.3125]",test,reacher,64,10.245997694221876
transformer,"[2.0885416666666665, 5.572916666666666]",single,"[1, 0]",core,positive,3.7916666666666665,fixed_training_task_cluster_20000_rng1701,budget_penalized_commands,"[5.265625, 2.1875, 3.921875]",test,reacher,64,1.5431879459282765
transformer,"[0.1858165011761659, 0.3861831937089016]",single,"[1, 0]",core,positive,0.28484180849866325,fixed_training_task_cluster_20000_rng1701,wrapped_joint_error_rad,"[0.3704038231310278, 0.27106241570819256, 0.21305918665676946]",test,reacher,64,0.07957221503803753
transformer,"[3.1119791666666767, 19.79166666666667]",single,"[1, 1]",core,positive,11.458333333333334,fixed_training_task_cluster_20000_rng1701,success,"[15.625, 7.8125, 10.9375]",test,reacher,64,3.932205435036849
transformer,"[0.16666666666666669, 3.807291666666666]",single,"[1, 1]",core,positive,2.0,fixed_training_task_cluster_20000_rng1701,budget_penalized_commands,"[3.1875, 0.609375, 2.203125]",test,reacher,64,1.301009974260382
transformer,"[0.13147343375862522, 0.34821979987558577]",single,"[1, 1]",core,positive,0.2392915083954883,fixed_training_task_cluster_20000_rng1701,wrapped_joint_error_rad,"[0.280026270600003, 0.20447560976984025, 0.23337264481662162]",test,reacher,64,0.038121520136499
transformer,"[5.729166666666666, 22.916666666666668]",single,"[1, 2]",core,positive,14.0625,fixed_training_task_cluster_20000_rng1701,success,"[3.125, 20.3125, 18.75]",test,reacher,64,9.504316453590969
transformer,"[0.8332031249999999, 4.291666666666666]",single,"[1, 2]",core,positive,2.5,fixed_training_task_cluster_20000_rng1701,budget_penalized_commands,"[-0.03125, 3.78125, 3.75]",test,reacher,64,2.192182488411948
transformer,"[0.13436593656432666, 0.3685584795007949]",single,"[1, 2]",core,positive,0.24793845087887986,fixed_training_task_cluster_20000_rng1701,wrapped_joint_error_rad,"[0.21839270736874564, 0.3544007099127553, 0.1710219353551386]",test,reacher,64,0.0951927358533112
transformer,"[-3.1249999999999996, 16.666666666666668]",single,"[2, 0]",core,positive,6.770833333333333,fixed_training_task_cluster_20000_rng1701,success,"[9.375, 10.9375, 0.0]",test,reacher,64,5.915529526875285
transformer,"[0.5572916666666667, 3.843880208333322]",single,"[2, 0]",core,positive,2.1822916666666665,fixed_training_task_cluster_20000_rng1701,budget_penalized_commands,"[2.421875, 2.984375, 1.140625]",test,reacher,64,0.9449357892647169
transformer,"[0.020226739560052404, 0.10877451136580094]",single,"[2, 0]",core,positive,0.06407620000446478,fixed_training_task_cluster_20000_rng1701,wrapped_joint_error_rad,"[0.04529979517984785, 0.09993629801150633, 0.04699250682204012]",test,reacher,64,0.03106728649209443
transformer,"[-6.770833333333334, 13.020833333333336]",single,"[2, 1]",core,positive,3.125,fixed_training_task_cluster_20000_rng1701,success,"[-3.125, 0.0, 12.5]",test,reacher,64,8.267972847076846
transformer,"[-0.12513020833333333, 3.354166666666667]",single,"[2, 1]",core,positive,1.5833333333333333,fixed_training_task_cluster_20000_rng1701,budget_penalized_commands,"[0.9375, 0.3125, 3.5]",test,reacher,64,1.6890425048924416
transformer,"[-0.014689362785790373, 0.07553439052152087]",single,"[2, 1]",core,positive,0.030814455911830314,fixed_training_task_cluster_20000_rng1701,wrapped_joint_error_rad,"[0.009989849733383509, 0.016560880650000737, 0.06589263735210672]",test,reacher,64,0.030555747768537735
transformer,"[-4.166666666666668, 12.500000000000002]",single,"[2, 2]",core,positive,4.166666666666667,fixed_training_task_cluster_20000_rng1701,success,"[0.0, 10.9375, 1.5625]",test,reacher,64,5.915529526875285
transformer,"[-1.09375, 2.687630208333322]",single,"[2, 2]",core,positive,0.859375,fixed_training_task_cluster_20000_rng1701,budget_penalized_commands,"[-0.21875, 2.125, 0.671875]",test,reacher,64,1.1830715122616215
transformer,"[-0.016625704229377168, 0.07545822585733496]",single,"[2, 2]",core,positive,0.03073445004105742,fixed_training_task_cluster_20000_rng1701,wrapped_joint_error_rad,"[-0.00020227748012130106, 0.046422202937789765, 0.045983424665503814]",test,reacher,64,0.02679289017412643
transformer,"[0.5787037037037042, 6.597222222222221]",factorized_unpaired,all,core,positive,3.5879629629629632,fixed_training_task_cluster_20000_rng1701,success,"[2.951388888888888, 1.9097222222222223, 5.902777777777778]",test,reacher,64,2.071241917612648
transformer,"[0.3564814814814815, 1.553240740740741]",factorized_unpaired,all,core,positive,0.9531249999999999,fixed_training_task_cluster_20000_rng1701,budget_penalized_commands,"[0.6354166666666666, 0.5052083333333334, 1.71875]",test,reacher,64,0.6662392835806901
transformer,"[0.0233635941348901, 0.08226182386094162]",factorized_unpaired,all,core,positive,0.05257624043178954,fixed_training_task_cluster_20000_rng1701,wrapped_joint_error_rad,"[0.048585168479388194, 0.044341065861932136, 0.06480248695404828]",test,reacher,64,0.010798792977650665
transformer,"[-3.645833333333334, 15.104166666666668]",factorized_unpaired,"[0, 0]",core,positive,5.729166666666667,fixed_training_task_cluster_20000_rng1701,success,"[-7.8125, 4.6875, 20.3125]",test,reacher,64,14.091405477571545
transformer,"[-0.3178385416666667, 3.3020833333333335]",factorized_unpaired,"[0, 0]",core,positive,1.46875,fixed_training_task_cluster_20000_rng1701,budget_penalized_commands,"[-1.296875, 0.625, 5.078125]",test,reacher,64,3.2701822268606073
transformer,"[0.0061790619721029645, 0.08600657066232807]",factorized_unpaired,"[0, 0]",core,positive,0.04516738603622363,fixed_training_task_cluster_20000_rng1701,wrapped_joint_error_rad,"[0.014164929854217393, 0.04758652428065184, 0.07375070397380167]",test,reacher,64,0.029866457636314542
transformer,"[-12.5, 6.25]",factorized_unpaired,"[0, 1]",core,positive,-3.125,fixed_training_task_cluster_20000_rng1701,success,"[-9.375, 0.0, 0.0]",test,reacher,64,5.412658773652741
transformer,"[-1.9375, 2.119791666666667]",factorized_unpaired,"[0, 1]",core,positive,0.109375,fixed_training_task_cluster_20000_rng1701,budget_penalized_commands,"[-2.140625, 1.125, 1.34375]",test,reacher,64,1.9516244235572069
transformer,"[-0.06240171501300267, 0.019055709718194307]",factorized_unpaired,"[0, 1]",core,positive,-0.022006772821706353,fixed_training_task_cluster_20000_rng1701,wrapped_joint_error_rad,"[-0.04067508269893971, -0.024814245031391652, -0.0005309907347876841]",test,reacher,64,0.02021876492426504
transformer,"[-6.770833333333334, 10.937500000000002]",factorized_unpaired,"[0, 2]",core,positive,2.0833333333333335,fixed_training_task_cluster_20000_rng1701,success,"[4.6875, 0.0, 1.5625]",test,reacher,64,2.386758174456167
transformer,"[-1.609375, 1.6718749999999998]",factorized_unpaired,"[0, 2]",core,positive,0.057291666666666664,fixed_training_task_cluster_20000_rng1701,budget_penalized_commands,"[0.65625, -2.3125, 1.828125]",test,reacher,64,2.134304842673214
transformer,"[-0.027670268272687804, 0.06254112633634797]",factorized_unpaired,"[0, 2]",core,positive,0.016741034727588117,fixed_training_task_cluster_20000_rng1701,wrapped_joint_error_rad,"[-0.004608398820654161, -0.011578326023640104, 0.06640982902705861]",test,reacher,64,0.043155379927374816
transformer,"[5.208333333333334, 20.3125]",factorized_unpaired,"[1, 0]",core,positive,12.5,fixed_training_task_cluster_20000_rng1701,success,"[15.625, 4.6875, 17.1875]",test,reacher,64,6.810779599282302
transformer,"[0.28645833333333326, 3.479166666666667]",factorized_unpaired,"[1, 0]",core,positive,1.859375,fixed_training_task_cluster_20000_rng1701,budget_penalized_commands,"[2.1875, 0.984375, 2.40625]",test,reacher,64,0.765625
transformer,"[0.08069086718890642, 0.26092531708705985]",factorized_unpaired,"[1, 0]",core,positive,0.16986546542607128,fixed_training_task_cluster_20000_rng1701,wrapped_joint_error_rad,"[0.21670033380483494, 0.14283163841239235, 0.15006442406098658]",test,reacher,64,0.04072108752356344
transformer,"[-4.687500000000001, 11.458333333333332]",factorized_unpaired,"[1, 1]",core,positive,3.125,fixed_training_task_cluster_20000_rng1701,success,"[9.375, 7.8125, -7.8125]",test,reacher,64,9.504316453590969
transformer,"[-0.9374999999999998, 2.208333333333333]",factorized_unpaired,"[1, 1]",core,positive,0.5989583333333334,fixed_training_task_cluster_20000_rng1701,budget_penalized_commands,"[1.25, 1.265625, -0.71875]",test,reacher,64,1.1411956335170292
transformer,"[-0.003309267797638688, 0.19231667386754098]",factorized_unpaired,"[1, 1]",core,positive,0.09474582416321016,fixed_training_task_cluster_20000_rng1701,wrapped_joint_error_rad,"[0.16111471955081041, 0.06361667519834839, 0.05950607774047169]",test,reacher,64,0.05751388492436278
transformer,"[-6.770833333333334, 11.458333333333332]",factorized_unpaired,"[1, 2]",core,positive,2.0833333333333335,fixed_training_task_cluster_20000_rng1701,success,"[-3.125, 9.375, 0.0]",test,reacher,64,6.505206248331665
transformer,"[-0.9739583333333335, 2.2916666666666665]",factorized_unpaired,"[1, 2]",core,positive,0.6666666666666666,fixed_training_task_cluster_20000_rng1701,budget_penalized_commands,"[-0.515625, 1.90625, 0.609375]",test,reacher,64,1.2119535387993772
transformer,"[-0.021177625279573516, 0.18672840417999892]",factorized_unpaired,"[1, 2]",core,positive,0.08360750735961113,fixed_training_task_cluster_20000_rng1701,wrapped_joint_error_rad,"[0.03147128564284124, 0.15239798774497326, 0.0669532486910189]",test,reacher,64,0.062159794635879624
transformer,"[-10.9375, 4.687500000000001]",factorized_unpaired,"[2, 0]",core,positive,-3.125,fixed_training_task_cluster_20000_rng1701,success,"[1.5625, -7.8125, -3.125]",test,reacher,64,4.6875
transformer,"[-0.9583333333333334, 2.5052083333333335]",factorized_unpaired,"[2, 0]",core,positive,0.7083333333333334,fixed_training_task_cluster_20000_rng1701,budget_penalized_commands,"[2.1875, 0.59375, -0.65625]",test,reacher,64,1.4253334770618884
transformer,"[-0.030286499804106082, 0.03410216986790989]",factorized_unpaired,"[2, 0]",core,positive,0.001823980030701827,fixed_training_task_cluster_20000_rng1701,wrapped_joint_error_rad,"[-0.01983389464954163, 0.0003268829473814655, 0.02497895179426564]",test,reacher,64,0.022443902877100658
transformer,"[-2.604166666666667, 17.1875]",factorized_unpaired,"[2, 1]",core,positive,7.291666666666667,fixed_training_task_cluster_20000_rng1701,success,"[4.6875, 0.0, 17.1875]",test,reacher,64,8.884751098558322
transformer,"[0.536328125, 4.208463541666656]",factorized_unpaired,"[2, 1]",core,positive,2.3697916666666665,fixed_training_task_cluster_20000_rng1701,budget_penalized_commands,"[1.96875, 0.484375, 4.65625]",test,reacher,64,2.1146538883960027
transformer,"[-0.010103230551060266, 0.08472468373726531]",factorized_unpaired,"[2, 1]",core,positive,0.03634619910118103,fixed_training_task_cluster_20000_rng1701,wrapped_joint_error_rad,"[0.018086999010758102, 0.03414537526323639, 0.05680622302954859]",test,reacher,64,0.019453207867304805
transformer,"[-2.6041666666666665, 14.0625]",factorized_unpaired,"[2, 2]",core,positive,5.729166666666667,fixed_training_task_cluster_20000_rng1701,success,"[10.9375, -1.5625, 7.8125]",test,reacher,64,6.505206248331665
transformer,"[-0.9166666666666665, 2.421875]",factorized_unpaired,"[2, 2]",core,positive,0.7395833333333334,fixed_training_task_cluster_20000_rng1701,budget_penalized_commands,"[1.421875, -0.125, 0.921875]",test,reacher,64,0.7893847320593004
transformer,"[-0.0005338016408455058, 0.09409381439348417]",factorized_unpaired,"[2, 2]",core,positive,0.04689553986322501,fixed_training_task_cluster_20000_rng1701,wrapped_joint_error_rad,"[0.06084562462016718, -0.00544292003456274, 0.0852839150040706]",test,reacher,64,0.04694457687077656
transformer,"[-0.9837962962962962, 5.150462962962964]",plain,all,core,positive,2.0254629629629632,fixed_training_task_cluster_20000_rng1701,success,"[2.2569444444444446, 1.5625000000000002, 2.2569444444444446]",test,reacher,64,0.4009376869372401
transformer,"[0.09662905092592598, 1.3593894675925913]",plain,all,core,positive,0.711226851851852,fixed_training_task_cluster_20000_rng1701,budget_penalized_commands,"[0.39409722222222227, 0.6371527777777778, 1.1024305555555558]",test,reacher,64,0.35992951270384377
transformer,"[0.031943790808684536, 0.12167192342346475]",plain,all,core,positive,0.07512389865211873,fixed_training_task_cluster_20000_rng1701,wrapped_joint_error_rad,"[0.08631446198187653, 0.07125981077102142, 0.06779742320345823]",test,reacher,64,0.009844722578366244
transformer,"[-10.416666666666668, 8.333333333333336]",plain,"[0, 0]",core,positive,-1.0416666666666667,fixed_training_task_cluster_20000_rng1701,success,"[-3.125, -1.5625, 1.5625]",test,reacher,64,2.386758174456167
transformer,"[0.5781249999999999, 3.656249999999999]",plain,"[0, 0]",core,positive,2.09375,fixed_training_task_cluster_20000_rng1701,budget_penalized_commands,"[-0.359375, 3.375, 3.265625]",test,reacher,64,2.125172327571343
transformer,"[-0.034631638466985845, 0.04520184777252599]",plain,"[0, 0]",core,positive,0.005060083994112144,fixed_training_task_cluster_20000_rng1701,wrapped_joint_error_rad,"[-0.009553969923697206, 0.01736023139394679, 0.0073739905120868456]",test,reacher,64,0.013605483478072795
transformer,"[-8.333333333333334, 10.416666666666668]",plain,"[0, 1]",core,positive,1.0416666666666667,fixed_training_task_cluster_20000_rng1701,success,"[-3.125, 6.25, 0.0]",test,reacher,64,4.773516348912334
transformer,"[-1.5364583333333333, 2.135546874999989]",plain,"[0, 1]",core,positive,0.296875,fixed_training_task_cluster_20000_rng1701,budget_penalized_commands,"[-1.375, 1.65625, 0.609375]",test,reacher,64,1.5395977812808772
transformer,"[-0.03179591691917735, 0.03954943759781453]",plain,"[0, 1]",core,positive,0.0037053378858577057,fixed_training_task_cluster_20000_rng1701,wrapped_joint_error_rad,"[-0.012742385973511891, 0.030873764216988706, -0.00701536458590369]",test,reacher,64,0.0237021567684483
transformer,"[-8.333333333333332, 8.333333333333332]",plain,"[0, 2]",core,positive,0.0,fixed_training_task_cluster_20000_rng1701,success,"[-10.9375, 7.8125, 3.125]",test,reacher,64,9.757809372497498
transformer,"[-1.921875, 1.078125]",plain,"[0, 2]",core,positive,-0.4114583333333333,fixed_training_task_cluster_20000_rng1701,budget_penalized_commands,"[-1.640625, -0.34375, 0.75]",test,reacher,64,1.196749884670282
transformer,"[-0.04029193702401841, 0.0335314682923007]",plain,"[0, 2]",core,positive,-0.0033450753516022017,fixed_training_task_cluster_20000_rng1701,wrapped_joint_error_rad,"[-0.05022168147828785, 0.004698983278106826, 0.03548747214537442]",test,reacher,64,0.04341710392402725
transformer,"[-3.645833333333334, 11.979166666666668]",plain,"[1, 0]",core,positive,4.166666666666667,fixed_training_task_cluster_20000_rng1701,success,"[10.9375, -4.6875, 6.25]",test,reacher,64,8.018127249135757
transformer,"[-0.739583333333333, 2.619791666666667]",plain,"[1, 0]",core,positive,0.90625,fixed_training_task_cluster_20000_rng1701,budget_penalized_commands,"[2.046875, -0.859375, 1.53125]",test,reacher,64,1.5506582523641372
transformer,"[0.05319736900649277, 0.330141563488807]",plain,"[1, 0]",core,positive,0.18724558928321092,fixed_training_task_cluster_20000_rng1701,wrapped_joint_error_rad,"[0.3201340291421983, 0.0927556696307192, 0.14884706907671524]",test,reacher,64,0.11845279380018586
transformer,"[-4.6875, 10.9375]",plain,"[1, 1]",core,positive,3.125,fixed_training_task_cluster_20000_rng1701,success,"[12.5, -1.5625, -1.5625]",test,reacher,64,8.118988160479113
transformer,"[-0.9687500000000001, 2.2291666666666665]",plain,"[1, 1]",core,positive,0.6354166666666666,fixed_training_task_cluster_20000_rng1701,budget_penalized_commands,"[2.3125, -0.125, -0.28125]",test,reacher,64,1.4544964406396235
transformer,"[0.04228719026335182, 0.3489891401537844]",plain,"[1, 1]",core,positive,0.18934235155623189,fixed_training_task_cluster_20000_rng1701,wrapped_joint_error_rad,"[0.24566930645426072, 0.15743305829667406, 0.16492468991776102]",test,reacher,64,0.04892418136412652
transformer,"[-6.770833333333334, 12.5]",plain,"[1, 2]",core,positive,2.6041666666666665,fixed_training_task_cluster_20000_rng1701,success,"[0.0, 4.6875, 3.125]",test,reacher,64,2.386758174456167
transformer,"[-1.296875, 2.270833333333333]",plain,"[1, 2]",core,positive,0.4739583333333333,fixed_training_task_cluster_20000_rng1701,budget_penalized_commands,"[-0.75, 1.3125, 0.859375]",test,reacher,64,1.083921615112612
transformer,"[0.051090006366410805, 0.33973671469507916]",plain,"[1, 2]",core,positive,0.1915204412029038,fixed_training_task_cluster_20000_rng1701,wrapped_joint_error_rad,"[0.19204416081375758, 0.23078375031216816, 0.1517334124827856]",test,reacher,64,0.03952777111611497
transformer,"[-5.729166666666667, 13.020833333333336]",plain,"[2, 0]",core,positive,3.6458333333333335,fixed_training_task_cluster_20000_rng1701,success,"[4.6875, 9.375, -3.125]",test,reacher,64,6.314768569261531
transformer,"[0.11458333333333337, 3.677213541666656]",plain,"[2, 0]",core,positive,1.828125,fixed_training_task_cluster_20000_rng1701,budget_penalized_commands,"[2.0625, 3.453125, -0.03125]",test,reacher,64,1.7539714979511498
transformer,"[0.005392496681392197, 0.10256768669471719]",plain,"[2, 0]",core,positive,0.05324567439419617,fixed_training_task_cluster_20000_rng1701,wrapped_joint_error_rad,"[0.03962235608895592, 0.08511887080097964, 0.03499579629265293]",test,reacher,64,0.02769976084330401
transformer,"[-4.166666666666667, 15.625000000000004]",plain,"[2, 1]",core,positive,5.729166666666667,fixed_training_task_cluster_20000_rng1701,success,"[6.25, -4.6875, 15.625]",test,reacher,64,10.16626109163705
transformer,"[-1.59375, 2.546875]",plain,"[2, 1]",core,positive,0.4322916666666667,fixed_training_task_cluster_20000_rng1701,budget_penalized_commands,"[0.890625, -2.25, 2.65625]",test,reacher,64,2.4850300499105304
transformer,"[-0.00436273308327201, 0.09541380021236974]",plain,"[2, 1]",core,positive,0.04334716441416731,fixed_training_task_cluster_20000_rng1701,wrapped_joint_error_rad,"[0.06286750575788612, 0.014199295734313569, 0.05297469175030225]",test,reacher,64,0.025722861984636566
transformer,"[-10.416666666666666, 8.333333333333332]",plain,"[2, 2]",core,positive,-1.0416666666666667,fixed_training_task_cluster_20000_rng1701,success,"[3.125, -1.5625, -4.6875]",test,reacher,64,3.932205435036849
transformer,"[-1.5574218750000002, 1.8020833333333335]",plain,"[2, 2]",core,positive,0.14583333333333334,fixed_training_task_cluster_20000_rng1701,budget_penalized_commands,"[0.359375, -0.484375, 0.5625]",test,reacher,64,0.5551457907237822
transformer,"[-0.04631678873487516, 0.057769443327251487]",plain,"[2, 2]",core,positive,0.005993520489990756,fixed_training_task_cluster_20000_rng1701,wrapped_joint_error_rad,"[-0.01098916304467287, 0.008114673275295692, 0.020855051239349442]",test,reacher,64,0.016027724813448656
gru,"[-29.166666666666668, 12.5]",framewise,all,original,positive,-8.333333333333334,crossed_training_task_5000_rng417,success,"[0.0, -12.5, -12.5]",development,drone,8,7.216878364870323
gru,"[-45.54583333333333, 24.333333333333332]",framewise,all,original,positive,-12.625,crossed_training_task_5000_rng417,budget_penalized_commands,"[6.25, -26.25, -17.875]",development,drone,8,16.87407404867005
gru,"[-89.90248059200694, 48.33248759799837]",framewise,all,original,positive,-22.057071782179765,crossed_training_task_5000_rng417,goal_distance_mm,"[-17.461720279325366, -11.896388580733479, -36.81310648648044]",development,drone,8,13.078556853672062
gru,"[-23.313169098013883, 7.879073149177867]",framewise,all,original,positive,-4.719061992434284,crossed_training_task_5000_rng417,speed_mm_s,"[-10.803520729112542, -4.846514608654608, 1.4928493604642985]",development,drone,8,6.14917575549732
gru,"[-0.012929746427133477, 0.015728193868894583]",framewise,all,original,positive,0.0012862016129100429,crossed_training_task_5000_rng417,altitude_error_mm,"[0.005543504611127403, -0.006734377310552153, 0.005049477538154878]",development,drone,8,0.006950415842798325
gru,"[-29.166666666666668, 12.5]",framewise,"[1, 1]",original,positive,-8.333333333333334,crossed_training_task_5000_rng417,success,"[0.0, -12.5, -12.5]",development,drone,8,7.216878364870323
gru,"[-45.54583333333333, 24.333333333333332]",framewise,"[1, 1]",original,positive,-12.625,crossed_training_task_5000_rng417,budget_penalized_commands,"[6.25, -26.25, -17.875]",development,drone,8,16.87407404867005
gru,"[-89.90248059200694, 48.33248759799837]",framewise,"[1, 1]",original,positive,-22.057071782179765,crossed_training_task_5000_rng417,goal_distance_mm,"[-17.461720279325366, -11.896388580733479, -36.81310648648044]",development,drone,8,13.078556853672062
gru,"[-23.313169098013883, 7.879073149177867]",framewise,"[1, 1]",original,positive,-4.719061992434284,crossed_training_task_5000_rng417,speed_mm_s,"[-10.803520729112542, -4.846514608654608, 1.4928493604642985]",development,drone,8,6.14917575549732
gru,"[-0.012929746427133477, 0.015728193868894583]",framewise,"[1, 1]",original,positive,0.0012862016129100429,crossed_training_task_5000_rng417,altitude_error_mm,"[0.005543504611127403, -0.006734377310552153, 0.005049477538154878]",development,drone,8,0.006950415842798325
gru,"[-37.5, 12.5]",constant_dynamics,all,original,positive,-12.5,crossed_training_task_5000_rng417,success,"[0.0, -25.0, -12.5]",development,drone,8,12.5
gru,"[-54.756249999999994, 24.875]",constant_dynamics,all,original,positive,-16.666666666666668,crossed_training_task_5000_rng417,budget_penalized_commands,"[7.375, -43.375, -14.0]",development,drone,8,25.479873593354686
gru,"[-140.72055108026512, 38.44549541011409]",constant_dynamics,all,original,positive,-42.67655201010515,crossed_training_task_5000_rng417,goal_distance_mm,"[3.2802454668619347, -100.09228840114956, -31.21761309602781]",development,drone,8,52.630320636974204
gru,"[-30.793868783269147, 12.055497172412531]",constant_dynamics,all,original,positive,-7.477520402290072,crossed_training_task_5000_rng417,speed_mm_s,"[-26.26687176875266, 0.2116019709898982, 3.6227085908925494]",development,drone,8,16.361195117483874
gru,"[-0.01422491338999056, 0.03470902704345024]",constant_dynamics,all,original,positive,0.010227303887162345,crossed_training_task_5000_rng417,altitude_error_mm,"[0.0139362093283385, 0.00498877557640609, 0.011756926756742447]",development,drone,8,0.0046657209816556395
gru,"[-37.5, 12.5]",constant_dynamics,"[1, 1]",original,positive,-12.5,crossed_training_task_5000_rng417,success,"[0.0, -25.0, -12.5]",development,drone,8,12.5
gru,"[-54.756249999999994, 24.875]",constant_dynamics,"[1, 1]",original,positive,-16.666666666666668,crossed_training_task_5000_rng417,budget_penalized_commands,"[7.375, -43.375, -14.0]",development,drone,8,25.479873593354686
gru,"[-140.72055108026512, 38.44549541011409]",constant_dynamics,"[1, 1]",original,positive,-42.67655201010515,crossed_training_task_5000_rng417,goal_distance_mm,"[3.2802454668619347, -100.09228840114956, -31.21761309602781]",development,drone,8,52.630320636974204
gru,"[-30.793868783269147, 12.055497172412531]",constant_dynamics,"[1, 1]",original,positive,-7.477520402290072,crossed_training_task_5000_rng417,speed_mm_s,"[-26.26687176875266, 0.2116019709898982, 3.6227085908925494]",development,drone,8,16.361195117483874
gru,"[-0.01422491338999056, 0.03470902704345024]",constant_dynamics,"[1, 1]",original,positive,0.010227303887162345,crossed_training_task_5000_rng417,altitude_error_mm,"[0.0139362093283385, 0.00498877557640609, 0.011756926756742447]",development,drone,8,0.0046657209816556395
transformer,"[-25.0, 33.43749999999849]",framewise,all,original,positive,4.166666666666667,crossed_training_task_5000_rng417,success,"[0.0, 0.0, 12.5]",development,drone,8,7.216878364870322
transformer,"[-42.0, 29.083333333333332]",framewise,all,original,positive,-5.625,crossed_training_task_5000_rng417,budget_penalized_commands,"[-17.75, -0.875, 1.75]",development,drone,8,10.582267006648433
transformer,"[-33.23547064656539, 31.14821462632956]",framewise,all,original,positive,-3.6250707388934766,crossed_training_task_5000_rng417,goal_distance_mm,"[10.171389566726853, -24.88367456230976, 3.837072778902476]",development,drone,8,18.680927966320503
transformer,"[-2.4658735044773055, 34.475137609086076]",framewise,all,original,positive,16.562356932303157,crossed_training_task_5000_rng417,speed_mm_s,"[12.978718916607562, 11.905512418104951, 24.802839462196957]",development,drone,8,7.156612836476537
transformer,"[-0.02688383060851322, 0.023119525224104855]",framewise,all,original,positive,-0.004191460067147028,crossed_training_task_5000_rng417,altitude_error_mm,"[0.004014796223944517, -0.0024873001407410555, -0.014101876284644543]",development,drone,8,0.009177776227765779
transformer,"[-25.0, 33.43749999999849]",framewise,"[1, 1]",original,positive,4.166666666666667,crossed_training_task_5000_rng417,success,"[0.0, 0.0, 12.5]",development,drone,8,7.216878364870322
transformer,"[-42.0, 29.083333333333332]",framewise,"[1, 1]",original,positive,-5.625,crossed_training_task_5000_rng417,budget_penalized_commands,"[-17.75, -0.875, 1.75]",development,drone,8,10.582267006648433
transformer,"[-33.23547064656539, 31.14821462632956]",framewise,"[1, 1]",original,positive,-3.6250707388934766,crossed_training_task_5000_rng417,goal_distance_mm,"[10.171389566726853, -24.88367456230976, 3.837072778902476]",development,drone,8,18.680927966320503
transformer,"[-2.4658735044773055, 34.475137609086076]",framewise,"[1, 1]",original,positive,16.562356932303157,crossed_training_task_5000_rng417,speed_mm_s,"[12.978718916607562, 11.905512418104951, 24.802839462196957]",development,drone,8,7.156612836476537
transformer,"[-0.02688383060851322, 0.023119525224104855]",framewise,"[1, 1]",original,positive,-0.004191460067147028,crossed_training_task_5000_rng417,altitude_error_mm,"[0.004014796223944517, -0.0024873001407410555, -0.014101876284644543]",development,drone,8,0.009177776227765779
transformer,"[-25.0, 33.333333333333336]",constant_dynamics,all,original,positive,4.166666666666667,crossed_training_task_5000_rng417,success,"[0.0, 12.5, 0.0]",development,drone,8,7.216878364870322
transformer,"[-45.166666666666664, 50.583333333333336]",constant_dynamics,all,original,positive,3.4583333333333335,crossed_training_task_5000_rng417,budget_penalized_commands,"[-17.625, 34.625, -6.625]",development,drone,8,27.545795202413988
transformer,"[-35.76728070967809, 42.135690893589434]",constant_dynamics,all,original,positive,1.0236638035854508,crossed_training_task_5000_rng417,goal_distance_mm,"[2.2185736091344967, 24.170157212354944, -23.317739410733086]",development,drone,8,23.76648771913557
transformer,"[-6.008192469973605, 35.92571190715778]",constant_dynamics,all,original,positive,13.890616982652206,crossed_training_task_5000_rng417,speed_mm_s,"[18.811642711461698, 6.709744269887926, 16.150463966606992]",development,drone,8,6.3595729232165095
transformer,"[-0.02272030105069031, 0.034624492290924284]",constant_dynamics,all,original,positive,0.0022706795214886646,crossed_training_task_5000_rng417,altitude_error_mm,"[0.015007368146288669, 0.007314153881582408, -0.015509483463405083]",development,drone,8,0.015871264387493183
transformer,"[-25.0, 33.333333333333336]",constant_dynamics,"[1, 1]",original,positive,4.166666666666667,crossed_training_task_5000_rng417,success,"[0.0, 12.5, 0.0]",development,drone,8,7.216878364870322
transformer,"[-45.166666666666664, 50.583333333333336]",constant_dynamics,"[1, 1]",original,positive,3.4583333333333335,crossed_training_task_5000_rng417,budget_penalized_commands,"[-17.625, 34.625, -6.625]",development,drone,8,27.545795202413988
transformer,"[-35.76728070967809, 42.135690893589434]",constant_dynamics,"[1, 1]",original,positive,1.0236638035854508,crossed_training_task_5000_rng417,goal_distance_mm,"[2.2185736091344967, 24.170157212354944, -23.317739410733086]",development,drone,8,23.76648771913557
transformer,"[-6.008192469973605, 35.92571190715778]",constant_dynamics,"[1, 1]",original,positive,13.890616982652206,crossed_training_task_5000_rng417,speed_mm_s,"[18.811642711461698, 6.709744269887926, 16.150463966606992]",development,drone,8,6.3595729232165095
transformer,"[-0.02272030105069031, 0.034624492290924284]",constant_dynamics,"[1, 1]",original,positive,0.0022706795214886646,crossed_training_task_5000_rng417,altitude_error_mm,"[0.015007368146288669, 0.007314153881582408, -0.015509483463405083]",development,drone,8,0.015871264387493183
gru,"[0.0, 25.0]",framewise,all,original,positive,4.166666666666667,crossed_training_task_5000_rng417,success,"[0.0, 0.0, 12.5]",development,surgery,8,7.216878364870322
gru,"[0.0, 27.5]",framewise,all,original,positive,5.541666666666667,crossed_training_task_5000_rng417,budget_penalized_commands,"[0.0, 2.875, 13.75]",development,surgery,8,7.2525139319640965
gru,"[-4.350636370067547, 4.974268959552023]",framewise,all,original,positive,0.26455282072299546,crossed_training_task_5000_rng417,goal_distance_mm,"[2.4693858926359105, -1.8771969890369098, 0.20146955856998638]",development,surgery,8,2.1739779921346254
gru,"[0.0, 25.0]",framewise,"[1, 1]",original,positive,4.166666666666667,crossed_training_task_5000_rng417,success,"[0.0, 0.0, 12.5]",development,surgery,8,7.216878364870322
gru,"[0.0, 27.5]",framewise,"[1, 1]",original,positive,5.541666666666667,crossed_training_task_5000_rng417,budget_penalized_commands,"[0.0, 2.875, 13.75]",development,surgery,8,7.2525139319640965
gru,"[-4.350636370067547, 4.974268959552023]",framewise,"[1, 1]",original,positive,0.26455282072299546,crossed_training_task_5000_rng417,goal_distance_mm,"[2.4693858926359105, -1.8771969890369098, 0.20146955856998638]",development,surgery,8,2.1739779921346254
gru,"[0.0, 25.0]",constant_dynamics,all,original,positive,4.166666666666667,crossed_training_task_5000_rng417,success,"[0.0, 0.0, 12.5]",development,surgery,8,7.216878364870322
gru,"[-0.16666666666666666, 27.458333333333332]",constant_dynamics,all,original,positive,4.541666666666667,crossed_training_task_5000_rng417,budget_penalized_commands,"[0.0, -0.125, 13.75]",development,surgery,8,7.974895506107483
gru,"[-3.729932557872169, 7.092698194908692]",constant_dynamics,all,original,positive,0.9593763414610481,crossed_training_task_5000_rng417,goal_distance_mm,"[3.935730303509784, 0.05347556426598049, -1.11107684339262]",development,surgery,8,2.642547588615627
gru,"[0.0, 25.0]",constant_dynamics,"[1, 1]",original,positive,4.166666666666667,crossed_training_task_5000_rng417,success,"[0.0, 0.0, 12.5]",development,surgery,8,7.216878364870322
gru,"[-0.16666666666666666, 27.458333333333332]",constant_dynamics,"[1, 1]",original,positive,4.541666666666667,crossed_training_task_5000_rng417,budget_penalized_commands,"[0.0, -0.125, 13.75]",development,surgery,8,7.974895506107483
gru,"[-3.729932557872169, 7.092698194908692]",constant_dynamics,"[1, 1]",original,positive,0.9593763414610481,crossed_training_task_5000_rng417,goal_distance_mm,"[3.935730303509784, 0.05347556426598049, -1.11107684339262]",development,surgery,8,2.642547588615627
transformer,"[-25.0, 12.5]",framewise,all,original,positive,-4.166666666666667,crossed_training_task_5000_rng417,success,"[12.5, -12.5, -12.5]",development,surgery,8,14.433756729740645
transformer,"[-43.0, 20.375]",framewise,all,original,positive,-5.458333333333333,crossed_training_task_5000_rng417,budget_penalized_commands,"[20.375, -21.5, -15.25]",development,surgery,8,22.589520985034927
transformer,"[-14.815451513867028, 0.9200121211250459]",framewise,all,original,positive,-5.285865079775201,crossed_training_task_5000_rng417,goal_distance_mm,"[-0.1891239396305422, -9.789614015779268, -5.878857283915793]",development,surgery,8,4.827637335300383
transformer,"[-25.0, 12.5]",framewise,"[1, 1]",original,positive,-4.166666666666667,crossed_training_task_5000_rng417,success,"[12.5, -12.5, -12.5]",development,surgery,8,14.433756729740645
transformer,"[-43.0, 20.375]",framewise,"[1, 1]",original,positive,-5.458333333333333,crossed_training_task_5000_rng417,budget_penalized_commands,"[20.375, -21.5, -15.25]",development,surgery,8,22.589520985034927
transformer,"[-14.815451513867028, 0.9200121211250459]",framewise,"[1, 1]",original,positive,-5.285865079775201,crossed_training_task_5000_rng417,goal_distance_mm,"[-0.1891239396305422, -9.789614015779268, -5.878857283915793]",development,surgery,8,4.827637335300383
transformer,"[-20.833333333333332, 0.0]",constant_dynamics,all,original,positive,-4.166666666666667,crossed_training_task_5000_rng417,success,"[0.0, -12.5, 0.0]",development,surgery,8,7.216878364870322
transformer,"[-35.0, 0.3333333333333333]",constant_dynamics,all,original,positive,-7.083333333333333,crossed_training_task_5000_rng417,budget_penalized_commands,"[0.25, -21.5, 0.0]",development,surgery,8,12.485825296444498
transformer,"[-14.29355332143084, -1.3223184747161472]",constant_dynamics,all,original,positive,-6.1996629542993205,crossed_training_task_5000_rng417,goal_distance_mm,"[-4.130170469979628, -11.26822154273275, -3.2005968501855833]",development,surgery,8,4.414039125556202
transformer,"[-20.833333333333332, 0.0]",constant_dynamics,"[1, 1]",original,positive,-4.166666666666667,crossed_training_task_5000_rng417,success,"[0.0, -12.5, 0.0]",development,surgery,8,7.216878364870322
transformer,"[-35.0, 0.3333333333333333]",constant_dynamics,"[1, 1]",original,positive,-7.083333333333333,crossed_training_task_5000_rng417,budget_penalized_commands,"[0.25, -21.5, 0.0]",development,surgery,8,12.485825296444498
transformer,"[-14.29355332143084, -1.3223184747161472]",constant_dynamics,"[1, 1]",original,positive,-6.1996629542993205,crossed_training_task_5000_rng417,goal_distance_mm,"[-4.130170469979628, -11.26822154273275, -3.2005968501855833]",development,surgery,8,4.414039125556202
transformer,"[0.0, 37.5]",constant_dynamics,all,wide_gain,positive,12.5,crossed_training_task_5000_rng417,success,"[12.5, 12.5, 12.5]",development,drone,8,0.0
transformer,"[-2.8333333333333335, 38.416666666666664]",constant_dynamics,all,wide_gain,positive,10.791666666666666,crossed_training_task_5000_rng417,budget_penalized_commands,"[20.25, 2.125, 10.0]",development,drone,8,9.08839690667905
transformer,"[-18.336619715645803, 28.811266359483177]",constant_dynamics,all,wide_gain,positive,4.007278112780021,crossed_training_task_5000_rng417,goal_distance_mm,"[13.342715059800721, -6.731311943215812, 5.410431221755159]",development,drone,8,10.110305090098873
transformer,"[-25.04405252267705, 19.610107355442604]",constant_dynamics,all,wide_gain,positive,-2.158626097091616,crossed_training_task_5000_rng417,speed_mm_s,"[6.462620705623717, -18.420265569141563, 5.481766572242995]",development,drone,8,14.091529634746617
transformer,"[-0.02245342927032351, 0.01173436296739739]",constant_dynamics,all,wide_gain,positive,-0.0045547529233571265,crossed_training_task_5000_rng417,altitude_error_mm,"[8.892845339281141e-05, -0.008634618441846764, -0.0051185687816174275]",development,drone,8,0.004389018552009134
transformer,"[0.0, 37.5]",constant_dynamics,"[1, 1]",wide_gain,positive,12.5,crossed_training_task_5000_rng417,success,"[12.5, 12.5, 12.5]",development,drone,8,0.0
transformer,"[-2.8333333333333335, 38.416666666666664]",constant_dynamics,"[1, 1]",wide_gain,positive,10.791666666666666,crossed_training_task_5000_rng417,budget_penalized_commands,"[20.25, 2.125, 10.0]",development,drone,8,9.08839690667905
transformer,"[-18.336619715645803, 28.811266359483177]",constant_dynamics,"[1, 1]",wide_gain,positive,4.007278112780021,crossed_training_task_5000_rng417,goal_distance_mm,"[13.342715059800721, -6.731311943215812, 5.410431221755159]",development,drone,8,10.110305090098873
transformer,"[-25.04405252267705, 19.610107355442604]",constant_dynamics,"[1, 1]",wide_gain,positive,-2.158626097091616,crossed_training_task_5000_rng417,speed_mm_s,"[6.462620705623717, -18.420265569141563, 5.481766572242995]",development,drone,8,14.091529634746617
transformer,"[-0.02245342927032351, 0.01173436296739739]",constant_dynamics,"[1, 1]",wide_gain,positive,-0.0045547529233571265,crossed_training_task_5000_rng417,altitude_error_mm,"[8.892845339281141e-05, -0.008634618441846764, -0.0051185687816174275]",development,drone,8,0.004389018552009134
